date,toc_name,nr_on_toc_external,nr_on_toc_non_track_assets,nr_on_toc_severe_weather,nr_on_toc_track,toc_on_self_fleet,toc_on_self_operations,toc_on_self_traincrew,toc_on_toc_fleet,toc_on_toc_operations,toc_on_toc_traincrew
Apr 2022 to Mar 2023 (Period 01),Avanti West Coast,6268,11319,222,4406,2355,751,3125,2489,373,1137
Apr 2022 to Mar 2023 (Period 02),Avanti West Coast,12967,4794,96,4319,2404,918,2563,2970,374,1284
Apr 2022 to Mar 2023 (Period 03),Avanti West Coast,5796,12505,255,3921,2627,2622,3681,5978,372,1328
Apr 2022 to Mar 2023 (Period 04),Avanti West Coast,8349,14311,5821,8108,5299,1197,9610,4894,275,919
Apr 2022 to Mar 2023 (Period 05),Avanti West Coast,10823,7806,1419,3014,6155,2866,9621,2433,448,1322
Apr 2022 to Mar 2023 (Period 06),Avanti West Coast,7155,2887,1032,5169,1804,1710,3962,5226,463,2187
Apr 2022 to Mar 2023 (Period 07),Avanti West Coast,7073,4488,2137,5276,2857,1364,4489,2815,523,1086
Apr 2022 to Mar 2023 (Period 08),Avanti West Coast,6621,10139,3588,5968,3968,2288,5501,8312,950,2076
Apr 2022 to Mar 2023 (Period 09),Avanti West Coast,4910,6831,1367,8726,2755,1492,5787,2468,544,2307
Apr 2022 to Mar 2023 (Period 10),Avanti West Coast,3716,7443,3096,7667,8649,2632,9393,1814,361,974
Apr 2022 to Mar 2023 (Period 11),Avanti West Coast,9528,15141,12013,7063,5844,2109,7896,4327,476,1144
Apr 2022 to Mar 2023 (Period 12),Avanti West Coast,5970,10270,3641,8196,4359,1394,5134,5620,558,1762
Apr 2022 to Mar 2023 (Period 13),Avanti West Coast,4973,8802,1246,3753,3405,1527,3063,1992,763,964
Apr 2023 to Mar 2024 (Period 01),Avanti West Coast,8155,8029,1278,6092,2660,682,2042,3792,474,1836
Apr 2023 to Mar 2024 (Period 02),Avanti West Coast,8792,7426,1477,7122,3729,803,1824,6353,504,1752
Apr 2023 to Mar 2024 (Period 03),Avanti West Coast,14350,12877,8924,4563,6440,673,1872,4279,462,2002
Apr 2023 to Mar 2024 (Period 04),Avanti West Coast,7980,13430,3126,5035,4579,993,3031,5616,770,1888
Apr 2023 to Mar 2024 (Period 05),Avanti West Coast,9743,6235,2242,2232,5411,706,3498,4534,552,2540
Apr 2023 to Mar 2024 (Period 06),Avanti West Coast,9656,9854,1449,4883,6057,1195,2029,3066,619,4488
Apr 2023 to Mar 2024 (Period 07),Avanti West Coast,6112,11019,4736,5332,7563,820,4369,3320,773,1952
Apr 2023 to Mar 2024 (Period 08),Avanti West Coast,16887,12553,6464,10564,5301,2042,5347,4667,502,1874
Apr 2023 to Mar 2024 (Period 09),Avanti West Coast,3526,17877,5351,2883,8520,1318,7675,7068,845,1857
Apr 2023 to Mar 2024 (Period 10),Avanti West Coast,12023,9529,13757,4562,4359,1465,10007,3652,425,1816
Apr 2023 to Mar 2024 (Period 11),Avanti West Coast,6256,17886,6388,3343,6533,785,3414,2926,723,1974
Apr 2023 to Mar 2024 (Period 12),Avanti West Coast,7922,13618,8046,3152,5408,711,4792,3341,589,1320
Apr 2023 to Mar 2024 (Period 13),Avanti West Coast,7026,8512,3230,2529,4480,972,5477,3074,574,989
Apr 2024 to Mar 2025 (Period 01),Avanti West Coast,7813,17895,2134,6937,4188,426,2926,2088,430,1694
Apr 2024 to Mar 2025 (Period 02),Avanti West Coast,10806,11242,3696,9481,6552,301,2603,3343,356,1104
Apr 2024 to Mar 2025 (Period 03),Avanti West Coast,12061,10717,529,7746,8823,603,2974,4160,676,2967
Apr 2024 to Mar 2025 (Period 04),Avanti West Coast,6221,14456,3522,7816,14044,537,5745,5420,342,1342
Apr 2024 to Mar 2025 (Period 05),Avanti West Coast,7849,17584,1525,5613,8784,582,4360,3492,552,1898
Apr 2024 to Mar 2025 (Period 06),Avanti West Coast,7702,14570,1929,2498,8939,1168,1999,4569,646,2334
Apr 2024 to Mar 2025 (Period 07),Avanti West Coast,13284,13449,2150,5000,6050,411,2196,4678,1075,1904
Apr 2024 to Mar 2025 (Period 08),Avanti West Coast,9614,12457,2130,10512,6751,1090,2126,3995,810,2019
Apr 2024 to Mar 2025 (Period 09),Avanti West Coast,12710,13302,14852,14182,6942,1320,3622,4836,962,2280
Apr 2024 to Mar 2025 (Period 10),Avanti West Coast,3888,12083,14263,8033,5929,762,3238,3852,1006,1572
Apr 2024 to Mar 2025 (Period 11),Avanti West Coast,17610,12689,8087,5782,11933,970,1975,5567,712,1463
Apr 2024 to Mar 2025 (Period 12),Avanti West Coast,5048,17747,4365,5701,7050,488,2856,3584,1099,1319
Apr 2024 to Mar 2025 (Period 13),Avanti West Coast,10149,9047,868,8446,6271,1530,1253,4064,426,1867
Apr 2025 to Mar 2026 (Period 01),Avanti West Coast,9740,11195,322,7084,6528,374,1710,3284,288,1424
Apr 2022 to Mar 2023 (Period 01),Caledonian Sleeper,491,203,106,262,781,286,261,114,8,28
Apr 2022 to Mar 2023 (Period 02),Caledonian Sleeper,816,283,71,60,694,254,131,42,14,54
Apr 2022 to Mar 2023 (Period 03),Caledonian Sleeper,545,929,15,54,228,197,129,1199,19,102
Apr 2022 to Mar 2023 (Period 04),Caledonian Sleeper,1456,390,88,27,632,282,227,336,25,19
Apr 2022 to Mar 2023 (Period 05),Caledonian Sleeper,74,261,253,24,262,321,94,124,36,58
Apr 2022 to Mar 2023 (Period 10),Caledonian Sleeper,72,405,779,106,1117,414,64,309,3,6
Apr 2022 to Mar 2023 (Period 11),Caledonian Sleeper,51,677,814,61,683,144,52,490,50,66
Apr 2022 to Mar 2023 (Period 12),Caledonian Sleeper,34,278,94,185,781,241,53,297,27,49
Apr 2022 to Mar 2023 (Period 13),Caledonian Sleeper,6,274,228,131,214,455,190,16,287,33
Apr 2023 to Mar 2024 (Period 01),Caledonian Sleeper,1465,192,83,158,1050,392,110,49,18,21
Apr 2023 to Mar 2024 (Period 02),Caledonian Sleeper,184,312,21,42,1090,380,420,108,9,29
Apr 2023 to Mar 2024 (Period 03),Caledonian Sleeper,337,356,354,137,1391,224,40,83,16,26
Apr 2023 to Mar 2024 (Period 04),Caledonian Sleeper,199,114,200,104,576,147,30,263,20,53
Apr 2023 to Mar 2024 (Period 05),Caledonian Sleeper,983,201,127,55,182,106,62,1053,42,47
Apr 2023 to Mar 2024 (Period 06),Caledonian Sleeper,141,154,66,82,361,116,28,192,15,66
Apr 2023 to Mar 2024 (Period 07),Caledonian Sleeper,159,1218,1184,159,313,116,132,321,81,20
Apr 2023 to Mar 2024 (Period 08),Caledonian Sleeper,668,193,685,184,434,244,148,421,15,92
Apr 2023 to Mar 2024 (Period 09),Caledonian Sleeper,13,376,574,62,2177,162,71,340,38,50
Apr 2023 to Mar 2024 (Period 10),Caledonian Sleeper,123,112,863,179,228,122,99,126,39,40
Apr 2023 to Mar 2024 (Period 11),Caledonian Sleeper,29,180,603,43,519,347,75,269,33,30
Apr 2023 to Mar 2024 (Period 12),Caledonian Sleeper,55,242,281,107,741,154,537,38,81,73
Apr 2023 to Mar 2024 (Period 13),Caledonian Sleeper,142,214,79,131,559,245,41,69,38,53
Apr 2024 to Mar 2025 (Period 01),Caledonian Sleeper,249,350,102,170,534,229,120,274,16,11
Apr 2024 to Mar 2025 (Period 02),Caledonian Sleeper,368,315,444,120,426,336,116,112,76,28
Apr 2024 to Mar 2025 (Period 03),Caledonian Sleeper,821,1797,53,122,301,385,75,686,20,1442
Apr 2024 to Mar 2025 (Period 04),Caledonian Sleeper,100,76,19,138,223,150,97,203,9,40
Apr 2024 to Mar 2025 (Period 05),Caledonian Sleeper,106,962,69,107,450,219,192,82,14,49
Apr 2024 to Mar 2025 (Period 06),Caledonian Sleeper,113,135,88,15,397,174,58,627,16,13
Apr 2024 to Mar 2025 (Period 07),Caledonian Sleeper,75,110,114,218,1004,282,181,465,44,37
Apr 2024 to Mar 2025 (Period 08),Caledonian Sleeper,151,172,449,97,268,280,188,140,49,128
Apr 2024 to Mar 2025 (Period 09),Caledonian Sleeper,77,250,366,89,986,299,245,293,50,97
Apr 2024 to Mar 2025 (Period 10),Caledonian Sleeper,354,258,558,187,925,406,196,81,19,69
Apr 2024 to Mar 2025 (Period 11),Caledonian Sleeper,333,113,245,30,408,356,175,103,49,34
Apr 2024 to Mar 2025 (Period 12),Caledonian Sleeper,4,328,950,77,442,299,115,118,36,37
Apr 2024 to Mar 2025 (Period 13),Caledonian Sleeper,44,242,62,37,995,449,87,87,0,32
Apr 2025 to Mar 2026 (Period 01),Caledonian Sleeper,69,331,15,231,1163,218,165,138,22,46
Apr 2022 to Mar 2023 (Period 04),Chiltern Railways,2686,1917,1731,1325,3432,526,887,270,25,530
Apr 2022 to Mar 2023 (Period 05),Chiltern Railways,3565,3642,939,1908,2401,1026,1050,445,32,433
Apr 2022 to Mar 2023 (Period 06),Chiltern Railways,2379,8089,714,1916,2270,630,768,283,37,382
Apr 2022 to Mar 2023 (Period 07),Chiltern Railways,2298,1286,172,3315,2958,302,628,436,124,271
Apr 2022 to Mar 2023 (Period 08),Chiltern Railways,1138,2426,2167,1189,2870,384,1127,670,180,438
Apr 2022 to Mar 2023 (Period 09),Chiltern Railways,2752,1535,1257,1181,3014,384,820,467,136,685
Apr 2022 to Mar 2023 (Period 10),Chiltern Railways,288,567,4,326,1168,155,164,137,26,34
Apr 2022 to Mar 2023 (Period 11),Chiltern Railways,2673,1099,547,2148,3888,234,749,540,18,352
Apr 2022 to Mar 2023 (Period 12),Chiltern Railways,4813,1592,264,181,2120,217,420,751,162,601
Apr 2022 to Mar 2023 (Period 13),Chiltern Railways,1202,2832,2871,64,2144,436,540,882,158,206
Apr 2023 to Mar 2024 (Period 01),Chiltern Railways,3535,3940,1798,2798,4018,454,1083,3888,125,186
Apr 2023 to Mar 2024 (Period 02),Chiltern Railways,1471,1127,847,673,1592,216,317,1069,27,350
Apr 2023 to Mar 2024 (Period 03),Chiltern Railways,2818,1345,1015,436,2604,250,842,302,30,113
Apr 2023 to Mar 2024 (Period 04),Chiltern Railways,908,898,362,211,1898,223,343,251,46,173
Apr 2023 to Mar 2024 (Period 05),Chiltern Railways,1144,2432,67,237,2382,282,655,196,57,318
Apr 2023 to Mar 2024 (Period 06),Chiltern Railways,818,1912,408,506,2510,137,718,372,42,148
Apr 2023 to Mar 2024 (Period 07),Chiltern Railways,1391,1526,263,178,1782,309,700,378,58,276
Apr 2023 to Mar 2024 (Period 08),Chiltern Railways,1525,2710,1482,93,2050,172,591,440,75,287
Apr 2023 to Mar 2024 (Period 09),Chiltern Railways,1058,1694,1030,1936,2836,201,806,349,84,384
Apr 2023 to Mar 2024 (Period 10),Chiltern Railways,1755,1646,3000,353,1779,464,776,252,21,129
Apr 2023 to Mar 2024 (Period 11),Chiltern Railways,1304,2000,4447,397,2071,498,282,361,88,231
Apr 2023 to Mar 2024 (Period 12),Chiltern Railways,993,7545,1428,104,1902,469,444,125,268,149
Apr 2023 to Mar 2024 (Period 13),Chiltern Railways,1377,1815,2633,140,3344,234,545,443,36,89
Apr 2024 to Mar 2025 (Period 01),Chiltern Railways,1442,966,480,40,1690,308,524,143,14,126
Apr 2024 to Mar 2025 (Period 02),Chiltern Railways,1140,838,564,322,3572,213,524,118,35,192
Apr 2024 to Mar 2025 (Period 03),Chiltern Railways,1291,6108,575,624,2116,176,508,403,125,192
Apr 2024 to Mar 2025 (Period 04),Chiltern Railways,5445,2274,644,375,2004,134,793,297,52,261
Apr 2024 to Mar 2025 (Period 05),Chiltern Railways,2838,2428,706,215,3291,214,374,521,62,148
Apr 2024 to Mar 2025 (Period 06),Chiltern Railways,1890,1080,837,1070,2480,244,688,385,137,397
Apr 2024 to Mar 2025 (Period 07),Chiltern Railways,483,4585,8690,1531,2360,231,828,1033,16,104
Apr 2024 to Mar 2025 (Period 08),Chiltern Railways,615,4959,533,221,3014,276,625,472,74,188
Apr 2024 to Mar 2025 (Period 09),Chiltern Railways,3268,2312,3059,1148,3649,502,2318,527,210,198
Apr 2024 to Mar 2025 (Period 10),Chiltern Railways,536,1596,398,1039,2568,225,1056,241,20,200
Apr 2024 to Mar 2025 (Period 11),Chiltern Railways,1292,1817,593,194,2578,111,645,1093,68,197
Apr 2024 to Mar 2025 (Period 12),Chiltern Railways,950,2030,83,1703,2630,499,592,199,37,116
Apr 2024 to Mar 2025 (Period 13),Chiltern Railways,2217,837,306,1024,1679,233,412,223,52,206
Apr 2025 to Mar 2026 (Period 01),Chiltern Railways,1000,2537,16,257,1889,200,509,181,31,115
Apr 2022 to Mar 2023 (Period 03),CrossCountry,5278,11784,3359,2880,1377,556,1386,3729,631,1474
Apr 2022 to Mar 2023 (Period 04),CrossCountry,6089,8544,8235,7096,1769,653,1584,5596,824,1890
Apr 2022 to Mar 2023 (Period 05),CrossCountry,6887,7693,6647,7472,2186,686,1028,4386,664,1576
Apr 2022 to Mar 2023 (Period 06),CrossCountry,6060,7595,2583,6583,1583,411,1338,2664,706,2054
Apr 2022 to Mar 2023 (Period 07),CrossCountry,6088,5887,2570,6776,1388,453,935,2814,635,1470
Apr 2022 to Mar 2023 (Period 08),CrossCountry,8720,6610,3825,5444,1794,918,2906,4618,908,2765
Apr 2022 to Mar 2023 (Period 09),CrossCountry,5126,6484,3638,4755,2193,693,3016,5466,1024,2337
Apr 2022 to Mar 2023 (Period 10),CrossCountry,1833,4588,2146,2055,1632,1197,1523,2204,772,1637
Apr 2022 to Mar 2023 (Period 11),CrossCountry,4465,7516,4062,6524,2507,441,1375,4774,777,1948
Apr 2022 to Mar 2023 (Period 12),CrossCountry,4924,4542,3489,6728,2137,378,1202,3989,832,1934
Apr 2022 to Mar 2023 (Period 13),CrossCountry,5230,4508,3856,3489,2102,531,784,4266,622,1585
Apr 2023 to Mar 2024 (Period 01),CrossCountry,8058,7486,3304,4423,1423,410,1390,3283,572,1831
Apr 2023 to Mar 2024 (Period 02),CrossCountry,7184,9564,4174,3047,1780,524,1364,3756,563,1550
Apr 2023 to Mar 2024 (Period 03),CrossCountry,7216,13321,9853,5354,3017,855,2836,5552,929,2253
Apr 2023 to Mar 2024 (Period 04),CrossCountry,9102,10500,2103,5484,1626,510,2196,4662,1264,2865
Apr 2023 to Mar 2024 (Period 05),CrossCountry,6774,7590,2403,3347,1604,341,2210,6188,974,3118
Apr 2023 to Mar 2024 (Period 06),CrossCountry,5897,9358,1916,5066,2045,656,1319,5460,942,3016
Apr 2023 to Mar 2024 (Period 07),CrossCountry,8559,9906,1576,4124,2164,689,1500,5732,1070,3144
Apr 2023 to Mar 2024 (Period 08),CrossCountry,7353,13744,14472,4199,2038,890,1310,6829,1036,3337
Apr 2023 to Mar 2024 (Period 09),CrossCountry,6417,9165,8845,7222,3076,962,2879,6880,1272,3003
Apr 2023 to Mar 2024 (Period 10),CrossCountry,8160,8299,14658,2576,1812,1218,3491,4738,894,2718
Apr 2023 to Mar 2024 (Period 11),CrossCountry,5672,13769,4520,4882,1734,926,1299,5534,1146,2341
Apr 2023 to Mar 2024 (Period 12),CrossCountry,6075,8414,6027,9167,1867,977,1443,4577,694,1847
Apr 2023 to Mar 2024 (Period 13),CrossCountry,8354,8024,2602,5545,2201,694,1250,5134,1195,2304
Apr 2024 to Mar 2025 (Period 01),CrossCountry,7276,8767,6053,7587,2080,380,1184,4472,792,1739
Apr 2024 to Mar 2025 (Period 02),CrossCountry,8775,10922,1713,4033,2535,612,1318,4280,634,1978
Apr 2024 to Mar 2025 (Period 03),CrossCountry,10443,8601,1001,3736,1760,496,2116,4983,991,2288
Apr 2024 to Mar 2025 (Period 04),CrossCountry,12247,12445,1008,5854,1904,580,1758,6105,838,2346
Apr 2024 to Mar 2025 (Period 05),CrossCountry,9622,12202,860,3861,2806,678,1924,5341,750,2526
Apr 2024 to Mar 2025 (Period 06),CrossCountry,10456,6331,1555,4953,1902,726,1219,4422,1297,2584
Apr 2024 to Mar 2025 (Period 07),CrossCountry,9115,11007,5667,2455,2330,896,892,5884,923,2697
Apr 2024 to Mar 2025 (Period 08),CrossCountry,9404,10513,3045,3352,1880,1044,1196,5242,890,2735
Apr 2024 to Mar 2025 (Period 09),CrossCountry,9899,16395,14559,3714,3470,1294,4218,7308,1089,3513
Apr 2024 to Mar 2025 (Period 10),CrossCountry,5196,9268,6376,4358,3721,626,2426,4429,737,2485
Apr 2024 to Mar 2025 (Period 11),CrossCountry,7681,12824,10185,3743,2904,696,1122,7038,789,1954
Apr 2024 to Mar 2025 (Period 12),CrossCountry,6929,6987,766,3429,1873,288,1562,5037,685,2762
Apr 2024 to Mar 2025 (Period 13),CrossCountry,8307,7878,392,3254,2361,510,1548,4837,741,2333
Apr 2025 to Mar 2026 (Period 01),CrossCountry,8978,9108,470,3144,2881,579,1448,4718,760,1852
Apr 2022 to Mar 2023 (Period 02),East Midlands Railway,11922,3862,469,3357,4533,574,2889,2128,580,1460
Apr 2022 to Mar 2023 (Period 03),East Midlands Railway,4254,5823,936,3056,5250,530,3160,1623,716,1366
Apr 2022 to Mar 2023 (Period 04),East Midlands Railway,6719,8177,10718,3927,8188,1002,3479,2078,897,1735
Apr 2022 to Mar 2023 (Period 05),East Midlands Railway,13447,7808,5527,8006,8193,1651,3287,2034,814,1414
Apr 2022 to Mar 2023 (Period 06),East Midlands Railway,3157,5173,2784,9212,6556,629,3060,1340,578,2014
Apr 2022 to Mar 2023 (Period 07),East Midlands Railway,5653,4822,2846,7185,4838,255,2380,1742,768,1696
Apr 2022 to Mar 2023 (Period 08),East Midlands Railway,6828,7587,5022,3322,7294,857,3498,2189,1324,2525
Apr 2022 to Mar 2023 (Period 09),East Midlands Railway,3176,8161,3578,3664,7889,960,2342,2819,836,2098
Apr 2022 to Mar 2023 (Period 10),East Midlands Railway,794,4489,1722,1160,4573,1392,2776,1346,682,1300
Apr 2022 to Mar 2023 (Period 11),East Midlands Railway,3168,10861,2515,3267,5122,604,1858,1678,754,1282
Apr 2022 to Mar 2023 (Period 12),East Midlands Railway,4508,6153,1017,3216,5268,437,2293,2388,924,1702
Apr 2022 to Mar 2023 (Period 13),East Midlands Railway,3001,10801,2067,3849,5208,156,2154,1748,644,1212
Apr 2023 to Mar 2024 (Period 01),East Midlands Railway,4612,10474,1008,4458,4413,298,2708,2118,514,932
Apr 2023 to Mar 2024 (Period 02),East Midlands Railway,5192,5240,1496,3029,4537,168,2714,2780,364,1404
Apr 2023 to Mar 2024 (Period 03),East Midlands Railway,4832,10979,3926,4369,6675,306,3295,2844,613,1164
Apr 2023 to Mar 2024 (Period 04),East Midlands Railway,5400,7805,1034,2747,6220,56,3133,1548,388,1556
Apr 2023 to Mar 2024 (Period 05),East Midlands Railway,5910,9433,837,2653,5735,592,3294,3244,514,1426
Apr 2023 to Mar 2024 (Period 06),East Midlands Railway,7562,9382,381,3196,6093,82,2006,2254,398,1286
Apr 2023 to Mar 2024 (Period 07),East Midlands Railway,5739,9228,994,2713,5497,186,2916,2262,905,1277
Apr 2023 to Mar 2024 (Period 08),East Midlands Railway,4978,11424,17837,4554,5998,506,4553,3732,682,1910
Apr 2023 to Mar 2024 (Period 09),East Midlands Railway,6302,11278,14581,6667,7470,380,4000,2449,614,2330
Apr 2023 to Mar 2024 (Period 10),East Midlands Railway,5937,8447,18514,3372,9004,275,3524,3399,738,1759
Apr 2023 to Mar 2024 (Period 11),East Midlands Railway,6893,15138,5357,3572,6072,144,2534,2523,529,1332
Apr 2023 to Mar 2024 (Period 12),East Midlands Railway,6415,8629,2601,5553,5554,301,2738,2630,584,1784
Apr 2023 to Mar 2024 (Period 13),East Midlands Railway,7769,9000,572,4722,6355,249,2150,2061,793,1170
Apr 2024 to Mar 2025 (Period 01),East Midlands Railway,7899,6306,1177,3697,5541,550,2152,2656,312,1097
Apr 2024 to Mar 2025 (Period 02),East Midlands Railway,4794,10071,1250,1977,6434,320,2246,1964,423,1128
Apr 2024 to Mar 2025 (Period 03),East Midlands Railway,10329,7108,1358,5023,7788,212,2892,1340,426,1556
Apr 2024 to Mar 2025 (Period 04),East Midlands Railway,8646,10639,709,2883,9414,446,2960,2444,465,1814
Apr 2024 to Mar 2025 (Period 05),East Midlands Railway,9526,11551,884,3154,9127,122,2793,2016,462,1239
Apr 2024 to Mar 2025 (Period 06),East Midlands Railway,12450,8948,1088,5112,8762,140,2632,2361,554,1802
Apr 2024 to Mar 2025 (Period 07),East Midlands Railway,9050,7694,5176,1515,6624,92,3242,2904,659,2075
Apr 2024 to Mar 2025 (Period 08),East Midlands Railway,8062,12031,3632,1658,9066,230,3412,2285,862,2089
Apr 2024 to Mar 2025 (Period 09),East Midlands Railway,7805,17643,10300,2395,7796,49,2912,3944,694,2401
Apr 2024 to Mar 2025 (Period 10),East Midlands Railway,4641,7047,2390,2048,7928,268,2598,1749,720,1557
Apr 2024 to Mar 2025 (Period 11),East Midlands Railway,8544,13365,8469,3832,7914,213,2324,2455,621,698
Apr 2024 to Mar 2025 (Period 12),East Midlands Railway,8222,9233,433,3409,7184,232,1756,1920,562,1518
Apr 2024 to Mar 2025 (Period 13),East Midlands Railway,6805,7775,261,3275,7316,214,2447,2688,514,1164
Apr 2025 to Mar 2026 (Period 01),East Midlands Railway,8162,6871,514,1420,6838,95,2707,2292,488,1586
Apr 2022 to Mar 2023 (Period 01),Elizabeth line,1647,1743,470,923,1839,54,295,462,138,138
Apr 2022 to Mar 2023 (Period 02),Elizabeth line,2007,1003,619,285,1823,41,266,426,196,151
Apr 2022 to Mar 2023 (Period 03),Elizabeth line,551,876,573,776,1698,10,230,364,60,324
Apr 2022 to Mar 2023 (Period 04),Elizabeth line,915,2914,280,1082,857,132,278,531,141,192
Apr 2022 to Mar 2023 (Period 05),Elizabeth line,1529,3228,162,350,982,150,353,403,76,78
Apr 2022 to Mar 2023 (Period 06),Elizabeth line,1948,3954,711,1176,1361,156,446,1196,161,434
Apr 2022 to Mar 2023 (Period 07),Elizabeth line,574,2381,151,817,1319,28,606,578,70,217
Apr 2022 to Mar 2023 (Period 08),Elizabeth line,1774,1532,526,1742,1797,111,357,822,276,214
Apr 2022 to Mar 2023 (Period 09),Elizabeth line,2689,4160,332,3563,2838,2018,553,432,370,508
Apr 2022 to Mar 2023 (Period 10),Elizabeth line,188,1475,42,718,1059,536,158,194,18,90
Apr 2022 to Mar 2023 (Period 11),Elizabeth line,2139,2761,141,1595,1700,1124,229,954,133,252
Apr 2022 to Mar 2023 (Period 12),Elizabeth line,1312,2656,106,440,1885,1738,365,636,128,302
Apr 2022 to Mar 2023 (Period 13),Elizabeth line,2574,2047,656,1180,1228,609,381,1494,95,283
Apr 2023 to Mar 2024 (Period 01),Elizabeth line,4738,1775,444,528,1732,1093,248,878,294,456
Apr 2023 to Mar 2024 (Period 02),Elizabeth line,1028,4522,1345,1653,1029,1011,180,560,214,338
Apr 2023 to Mar 2024 (Period 03),Elizabeth line,1826,3971,787,394,2087,366,307,998,348,289
Apr 2023 to Mar 2024 (Period 04),Elizabeth line,2637,1941,148,435,722,1152,362,1280,198,302
Apr 2023 to Mar 2024 (Period 05),Elizabeth line,1729,8262,9,623,634,188,560,504,198,404
Apr 2023 to Mar 2024 (Period 06),Elizabeth line,4122,6007,43,777,1942,740,534,739,176,346
Apr 2023 to Mar 2024 (Period 07),Elizabeth line,2767,5434,277,1087,709,1055,1775,590,180,278
Apr 2023 to Mar 2024 (Period 08),Elizabeth line,3898,8573,2146,1711,2852,438,562,871,280,216
Apr 2023 to Mar 2024 (Period 09),Elizabeth line,1687,4166,1051,4909,5373,406,458,988,258,527
Apr 2023 to Mar 2024 (Period 10),Elizabeth line,1578,4900,4729,2118,2238,405,559,736,489,333
Apr 2023 to Mar 2024 (Period 11),Elizabeth line,833,4195,320,2560,3408,109,900,1788,437,362
Apr 2023 to Mar 2024 (Period 12),Elizabeth line,3123,2938,684,1447,1360,260,372,802,202,339
Apr 2023 to Mar 2024 (Period 13),Elizabeth line,2254,5788,666,1592,1040,235,520,1353,286,404
Apr 2024 to Mar 2025 (Period 01),Elizabeth line,919,2760,456,3418,960,97,556,1079,130,2065
Apr 2024 to Mar 2025 (Period 02),Elizabeth line,2596,2782,668,1978,1140,808,174,1269,211,410
Apr 2024 to Mar 2025 (Period 03),Elizabeth line,2229,4533,224,3648,1625,181,275,431,270,470
Apr 2024 to Mar 2025 (Period 04),Elizabeth line,4382,4670,30,2307,512,442,251,1022,1054,271
Apr 2024 to Mar 2025 (Period 05),Elizabeth line,2888,3027,1111,3115,868,219,438,1428,338,292
Apr 2024 to Mar 2025 (Period 06),Elizabeth line,5173,2787,49,1393,1326,201,612,710,348,358
Apr 2024 to Mar 2025 (Period 07),Elizabeth line,2377,2561,367,4436,1429,155,676,1683,494,812
Apr 2024 to Mar 2025 (Period 08),Elizabeth line,1811,2198,248,2515,949,90,346,1439,316,827
Apr 2024 to Mar 2025 (Period 09),Elizabeth line,1764,4051,1585,5427,734,380,616,1508,270,928
Apr 2024 to Mar 2025 (Period 10),Elizabeth line,1876,1916,108,586,868,70,381,888,358,311
Apr 2024 to Mar 2025 (Period 11),Elizabeth line,4628,5247,1784,3042,1212,258,907,684,295,454
Apr 2024 to Mar 2025 (Period 12),Elizabeth line,1466,2315,11,2744,1432,437,794,848,471,356
Apr 2024 to Mar 2025 (Period 13),Elizabeth line,2528,3602,194,1813,891,107,414,1075,473,370
Apr 2025 to Mar 2026 (Period 01),Elizabeth line,2057,2297,11,1779,1484,228,525,1455,579,421
Apr 2022 to Mar 2023 (Period 01),Govia Thameslink Railway,21608,17214,1548,22901,6271,1623,17642,1592,394,698
Apr 2022 to Mar 2023 (Period 02),Govia Thameslink Railway,21040,19617,2516,10175,7124,1549,17349,4820,426,539
Apr 2022 to Mar 2023 (Period 03),Govia Thameslink Railway,12319,14814,2038,2864,5160,1474,17911,2306,936,1080
Apr 2022 to Mar 2023 (Period 04),Govia Thameslink Railway,23955,24653,7794,12983,8183,9711,35678,3590,484,855
Apr 2022 to Mar 2023 (Period 05),Govia Thameslink Railway,17654,29172,11699,22975,9111,6351,26775,5239,591,1090
Apr 2022 to Mar 2023 (Period 06),Govia Thameslink Railway,16625,27506,17994,38930,5882,4973,22354,2988,705,1501
Apr 2022 to Mar 2023 (Period 07),Govia Thameslink Railway,19866,17547,3982,26960,8818,4336,20524,3334,590,1014
Apr 2022 to Mar 2023 (Period 08),Govia Thameslink Railway,17677,20252,17668,25226,10650,5578,29614,3601,670,1492
Apr 2022 to Mar 2023 (Period 09),Govia Thameslink Railway,14606,24328,17685,13091,8862,3968,20952,8234,789,2260
Apr 2022 to Mar 2023 (Period 10),Govia Thameslink Railway,6702,26710,15666,9304,7649,3522,20482,1496,617,504
Apr 2022 to Mar 2023 (Period 11),Govia Thameslink Railway,20120,44739,12292,11022,8684,1941,17310,4473,1014,1498
Apr 2022 to Mar 2023 (Period 12),Govia Thameslink Railway,19853,38389,2878,12130,11594,1314,16699,4429,998,1491
Apr 2022 to Mar 2023 (Period 13),Govia Thameslink Railway,9780,24570,6801,7925,8069,2020,12124,2446,590,1018
Apr 2023 to Mar 2024 (Period 01),Govia Thameslink Railway,14568,17657,1055,8126,5719,872,14699,1888,570,1003
Apr 2023 to Mar 2024 (Period 02),Govia Thameslink Railway,18465,18134,4896,3929,5085,1379,12568,2598,494,754
Apr 2023 to Mar 2024 (Period 03),Govia Thameslink Railway,17424,41420,3398,10149,7291,990,13255,2614,919,1364
Apr 2023 to Mar 2024 (Period 04),Govia Thameslink Railway,22370,21861,1132,12961,5759,1520,14486,2077,890,923
Apr 2023 to Mar 2024 (Period 05),Govia Thameslink Railway,15557,19781,800,10301,7374,1503,13934,1633,622,902
Apr 2023 to Mar 2024 (Period 06),Govia Thameslink Railway,29678,17891,4342,11901,9894,1029,14415,4551,532,1126
Apr 2023 to Mar 2024 (Period 07),Govia Thameslink Railway,14366,27734,1425,17086,7811,1541,16822,3219,1056,1306
Apr 2023 to Mar 2024 (Period 08),Govia Thameslink Railway,13196,45609,20256,16578,12673,1536,24394,2534,1064,1421
Apr 2023 to Mar 2024 (Period 09),Govia Thameslink Railway,16269,30960,8849,15291,8497,2003,18134,3049,686,1129
Apr 2023 to Mar 2024 (Period 10),Govia Thameslink Railway,16430,29419,16512,13535,8027,1515,20336,2604,1013,1236
Apr 2023 to Mar 2024 (Period 11),Govia Thameslink Railway,17424,27868,9262,13458,10285,1308,14562,4575,1034,1500
Apr 2023 to Mar 2024 (Period 12),Govia Thameslink Railway,20813,27048,3904,12719,8633,2895,18299,5078,1068,1195
Apr 2023 to Mar 2024 (Period 13),Govia Thameslink Railway,25285,25258,5244,22645,7020,2179,16206,2816,855,1103
Apr 2024 to Mar 2025 (Period 01),Govia Thameslink Railway,16278,26480,7980,5366,6581,705,14705,4736,284,1012
Apr 2024 to Mar 2025 (Period 02),Govia Thameslink Railway,20919,28890,4387,10442,7367,1591,14726,2120,472,762
Apr 2024 to Mar 2025 (Period 03),Govia Thameslink Railway,34622,30129,1099,14706,8358,694,19235,3688,666,800
Apr 2024 to Mar 2025 (Period 04),Govia Thameslink Railway,32377,30872,1620,22003,9850,1676,20237,3692,956,1655
Apr 2024 to Mar 2025 (Period 05),Govia Thameslink Railway,21768,47354,4463,14071,8388,1578,19136,2610,1036,1287
Apr 2024 to Mar 2025 (Period 06),Govia Thameslink Railway,21604,32557,962,20356,10816,1598,22537,4141,1032,1140
Apr 2024 to Mar 2025 (Period 07),Govia Thameslink Railway,39255,28487,4632,7549,8229,3246,27333,2728,833,1562
Apr 2024 to Mar 2025 (Period 08),Govia Thameslink Railway,16397,35374,1612,9437,8504,1616,25505,4056,912,1260
Apr 2024 to Mar 2025 (Period 09),Govia Thameslink Railway,12640,42535,19959,6498,11011,2760,29550,8614,1035,2131
Apr 2024 to Mar 2025 (Period 10),Govia Thameslink Railway,15949,18545,2082,6277,5736,1867,21180,4658,738,1094
Apr 2024 to Mar 2025 (Period 11),Govia Thameslink Railway,24454,37904,3689,19399,11522,1826,17090,6139,730,1328
Apr 2024 to Mar 2025 (Period 12),Govia Thameslink Railway,21454,21594,3685,23664,10184,1978,19162,2894,1356,1748
Apr 2024 to Mar 2025 (Period 13),Govia Thameslink Railway,29656,21230,910,5989,9189,1632,16708,5141,1210,1463
Apr 2025 to Mar 2026 (Period 01),Govia Thameslink Railway,21283,25086,661,7330,6469,1543,15174,2608,790,1205
Apr 2022 to Mar 2023 (Period 01),Grand Central,703,224,89,342,134,8,83,217,44,157
Apr 2022 to Mar 2023 (Period 02),Grand Central,692,612,0,314,500,42,116,306,42,82
Apr 2022 to Mar 2023 (Period 03),Grand Central,1681,463,92,199,522,60,146,380,92,130
Apr 2022 to Mar 2023 (Period 04),Grand Central,970,1026,358,229,499,27,66,548,66,144
Apr 2022 to Mar 2023 (Period 05),Grand Central,1029,1280,637,336,902,118,262,692,22,322
Apr 2022 to Mar 2023 (Period 06),Grand Central,515,1108,76,601,713,34,160,351,72,254
Apr 2022 to Mar 2023 (Period 07),Grand Central,1011,481,87,384,309,15,141,403,94,248
Apr 2022 to Mar 2023 (Period 08),Grand Central,1606,539,466,328,150,93,68,682,124,324
Apr 2022 to Mar 2023 (Period 09),Grand Central,887,750,808,1244,347,146,230,374,169,176
Apr 2022 to Mar 2023 (Period 10),Grand Central,111,494,380,644,577,126,213,362,121,74
Apr 2022 to Mar 2023 (Period 11),Grand Central,588,793,517,507,497,13,80,337,68,126
Apr 2022 to Mar 2023 (Period 12),Grand Central,386,508,408,213,455,60,116,356,82,195
Apr 2022 to Mar 2023 (Period 13),Grand Central,462,593,593,274,430,47,25,494,107,172
Apr 2023 to Mar 2024 (Period 01),Grand Central,888,481,18,296,671,113,26,337,36,121
Apr 2023 to Mar 2024 (Period 02),Grand Central,814,721,126,227,734,24,311,391,42,158
Apr 2023 to Mar 2024 (Period 03),Grand Central,967,817,161,509,1211,40,167,1029,31,202
Apr 2023 to Mar 2024 (Period 04),Grand Central,430,587,26,327,600,51,92,220,51,134
Apr 2023 to Mar 2024 (Period 05),Grand Central,994,591,41,404,1121,42,37,381,86,215
Apr 2023 to Mar 2024 (Period 06),Grand Central,1294,526,31,195,890,85,129,395,31,119
Apr 2023 to Mar 2024 (Period 07),Grand Central,1041,1821,173,230,537,89,149,308,30,298
Apr 2023 to Mar 2024 (Period 08),Grand Central,507,2078,1170,309,772,18,190,331,124,308
Apr 2023 to Mar 2024 (Period 09),Grand Central,883,1854,752,651,740,27,74,443,29,240
Apr 2023 to Mar 2024 (Period 10),Grand Central,623,1466,2928,133,683,32,246,571,100,194
Apr 2023 to Mar 2024 (Period 11),Grand Central,1410,648,392,462,1055,15,180,535,37,131
Apr 2023 to Mar 2024 (Period 12),Grand Central,565,881,99,439,606,6,221,247,65,185
Apr 2023 to Mar 2024 (Period 13),Grand Central,1599,942,242,384,558,8,56,178,86,257
Apr 2024 to Mar 2025 (Period 01),Grand Central,630,600,125,621,439,0,20,392,70,163
Apr 2024 to Mar 2025 (Period 02),Grand Central,1107,789,52,411,578,0,146,194,107,184
Apr 2024 to Mar 2025 (Period 03),Grand Central,620,773,6,387,380,0,220,601,70,244
Apr 2024 to Mar 2025 (Period 04),Grand Central,1316,1367,17,596,518,82,144,900,153,188
Apr 2024 to Mar 2025 (Period 05),Grand Central,2422,1358,264,416,454,24,104,316,196,202
Apr 2024 to Mar 2025 (Period 06),Grand Central,1584,892,348,600,339,24,93,301,96,126
Apr 2024 to Mar 2025 (Period 07),Grand Central,1629,842,328,428,359,12,278,320,111,283
Apr 2024 to Mar 2025 (Period 08),Grand Central,544,1061,353,280,344,6,42,728,65,205
Apr 2024 to Mar 2025 (Period 09),Grand Central,911,1235,666,495,710,11,191,1114,71,286
Apr 2024 to Mar 2025 (Period 10),Grand Central,1342,334,208,141,356,88,44,698,92,161
Apr 2024 to Mar 2025 (Period 11),Grand Central,918,2119,717,597,575,0,37,747,59,162
Apr 2024 to Mar 2025 (Period 12),Grand Central,1849,652,67,427,253,2,10,394,50,270
Apr 2024 to Mar 2025 (Period 13),Grand Central,856,934,12,430,319,8,7,366,57,106
Apr 2025 to Mar 2026 (Period 01),Grand Central,1437,1465,76,324,482,47,93,515,59,251
Apr 2022 to Mar 2023 (Period 01),Great Western Railway,19560,13971,1074,10005,9960,322,4898,3594,776,1268
Apr 2022 to Mar 2023 (Period 02),Great Western Railway,15441,10497,1264,9146,9926,688,4076,2636,1061,1178
Apr 2022 to Mar 2023 (Period 03),Great Western Railway,11453,15178,8338,12808,9912,720,7174,3027,747,1118
Apr 2022 to Mar 2023 (Period 04),Great Western Railway,19842,19983,20727,20592,13496,1454,10358,3926,1379,2054
Apr 2022 to Mar 2023 (Period 05),Great Western Railway,12930,19350,10316,16644,16706,913,5591,5803,606,1884
Apr 2022 to Mar 2023 (Period 06),Great Western Railway,20942,16998,5848,13557,11664,982,6557,4522,898,2266
Apr 2022 to Mar 2023 (Period 07),Great Western Railway,12725,31913,3534,10277,9911,482,4214,2895,765,1360
Apr 2022 to Mar 2023 (Period 08),Great Western Railway,17200,19822,12027,10596,13894,3241,6143,4459,1201,2025
Apr 2022 to Mar 2023 (Period 09),Great Western Railway,9979,34737,7167,12906,15578,1306,6701,7203,1684,2962
Apr 2022 to Mar 2023 (Period 10),Great Western Railway,3591,16319,9378,3524,11023,1032,7416,1802,908,1083
Apr 2022 to Mar 2023 (Period 11),Great Western Railway,16962,21379,19814,17390,13704,948,3013,2850,1169,2162
Apr 2022 to Mar 2023 (Period 12),Great Western Railway,18366,13528,7442,11761,12134,1504,3638,4807,1531,2138
Apr 2022 to Mar 2023 (Period 13),Great Western Railway,17401,16122,12026,11785,17611,950,3990,3594,939,2004
Apr 2023 to Mar 2024 (Period 01),Great Western Railway,17867,21574,17536,9860,9710,3191,4877,4026,1078,2260
Apr 2023 to Mar 2024 (Period 02),Great Western Railway,26037,25714,6891,8230,10852,1693,5398,5004,832,1106
Apr 2023 to Mar 2024 (Period 03),Great Western Railway,11754,26595,15936,5713,21322,4492,6546,7030,1020,1893
Apr 2023 to Mar 2024 (Period 04),Great Western Railway,17963,24290,6270,10542,17173,2952,9308,4422,1538,2754
Apr 2023 to Mar 2024 (Period 05),Great Western Railway,14236,34723,8989,6385,20486,5192,14472,5348,1037,2493
Apr 2023 to Mar 2024 (Period 06),Great Western Railway,21925,35031,8493,7468,15888,4871,8050,6701,971,2081
Apr 2023 to Mar 2024 (Period 07),Great Western Railway,16864,19617,10222,7025,14011,3528,8820,4794,1560,2095
Apr 2023 to Mar 2024 (Period 08),Great Western Railway,16016,34882,22108,7021,19630,1742,9016,5039,1930,2954
Apr 2023 to Mar 2024 (Period 09),Great Western Railway,9828,31509,19146,31581,18124,2057,14072,8965,1930,3602
Apr 2023 to Mar 2024 (Period 10),Great Western Railway,19804,33924,34303,15845,11879,4830,8604,4394,607,3022
Apr 2023 to Mar 2024 (Period 11),Great Western Railway,14248,34605,7592,16520,15516,7821,6043,7481,1101,2132
Apr 2023 to Mar 2024 (Period 12),Great Western Railway,14122,16725,29284,12342,15386,1214,5333,3964,825,1602
Apr 2023 to Mar 2024 (Period 13),Great Western Railway,22136,39115,18183,7528,16763,5543,6578,8566,1203,1948
Apr 2024 to Mar 2025 (Period 01),Great Western Railway,12163,18952,3526,6481,15488,667,6415,3806,888,3449
Apr 2024 to Mar 2025 (Period 02),Great Western Railway,15776,25575,7235,10323,14262,1445,6875,5036,690,1499
Apr 2024 to Mar 2025 (Period 03),Great Western Railway,19620,19264,4575,6133,14459,3426,6840,3823,832,2110
Apr 2024 to Mar 2025 (Period 04),Great Western Railway,25918,31876,3505,13039,16210,5897,7508,6539,596,2284
Apr 2024 to Mar 2025 (Period 05),Great Western Railway,16661,22740,5804,15568,15536,6823,8894,4326,887,2221
Apr 2024 to Mar 2025 (Period 06),Great Western Railway,23232,25358,5212,10491,12944,6520,7809,4965,1670,2338
Apr 2024 to Mar 2025 (Period 07),Great Western Railway,32887,19951,15796,8894,17879,3605,9564,4567,851,2030
Apr 2024 to Mar 2025 (Period 08),Great Western Railway,15081,27830,8852,10903,16229,3321,12170,6592,1323,3126
Apr 2024 to Mar 2025 (Period 09),Great Western Railway,13688,32173,31969,9483,16451,2736,11868,6586,1430,3730
Apr 2024 to Mar 2025 (Period 10),Great Western Railway,8866,20068,8946,4391,11560,5791,10675,3812,654,1925
Apr 2024 to Mar 2025 (Period 11),Great Western Railway,18745,22826,19374,3928,12618,461,6680,4278,716,2076
Apr 2024 to Mar 2025 (Period 12),Great Western Railway,15163,15435,2194,9896,14100,522,5458,5264,935,1590
Apr 2024 to Mar 2025 (Period 13),Great Western Railway,17079,25780,320,9586,13699,1362,7923,3173,1550,1998
Apr 2025 to Mar 2026 (Period 01),Great Western Railway,13798,25156,325,6669,14526,1040,5718,3921,914,1511
Apr 2022 to Mar 2023 (Period 01),Greater Anglia,3145,2844,1294,3410,3002,160,477,466,300,394
Apr 2022 to Mar 2023 (Period 02),Greater Anglia,3684,2373,964,5164,3452,126,451,490,358,178
Apr 2022 to Mar 2023 (Period 03),Greater Anglia,6876,7723,1524,7260,2454,210,688,1265,286,408
Apr 2022 to Mar 2023 (Period 04),Greater Anglia,5901,7917,4179,6394,3172,114,883,647,451,771
Apr 2022 to Mar 2023 (Period 05),Greater Anglia,6508,5839,4843,17528,3536,152,600,1356,466,685
Apr 2022 to Mar 2023 (Period 06),Greater Anglia,3557,5908,21978,15362,3282,135,882,569,386,822
Apr 2022 to Mar 2023 (Period 07),Greater Anglia,3730,4019,12632,9058,3136,1242,680,611,384,650
Apr 2022 to Mar 2023 (Period 08),Greater Anglia,6407,6417,5881,8613,2049,162,946,1601,704,734
Apr 2022 to Mar 2023 (Period 09),Greater Anglia,4636,6244,5224,6592,4289,2047,1234,1545,840,1153
Apr 2022 to Mar 2023 (Period 10),Greater Anglia,1657,5898,5212,2838,3816,304,270,606,652,742
Apr 2022 to Mar 2023 (Period 11),Greater Anglia,5299,5345,4170,4039,4073,410,584,1593,596,452
Apr 2022 to Mar 2023 (Period 12),Greater Anglia,2876,4926,1937,3712,3094,154,684,858,616,502
Apr 2022 to Mar 2023 (Period 13),Greater Anglia,4026,4879,2793,1892,2758,261,614,760,459,233
Apr 2023 to Mar 2024 (Period 01),Greater Anglia,6048,4000,1049,2361,2161,183,531,1156,473,332
Apr 2023 to Mar 2024 (Period 02),Greater Anglia,4395,2966,2225,3620,1892,122,643,488,306,339
Apr 2023 to Mar 2024 (Period 03),Greater Anglia,6125,7038,970,4602,2899,144,1147,2042,282,590
Apr 2023 to Mar 2024 (Period 04),Greater Anglia,7035,2844,632,4639,2916,116,664,1910,352,432
Apr 2023 to Mar 2024 (Period 05),Greater Anglia,3637,3639,579,2513,3152,78,828,602,470,400
Apr 2023 to Mar 2024 (Period 06),Greater Anglia,4048,9279,894,2985,3766,430,431,2241,418,392
Apr 2023 to Mar 2024 (Period 07),Greater Anglia,4092,3243,1334,2943,1962,146,973,670,466,673
Apr 2023 to Mar 2024 (Period 08),Greater Anglia,5634,8787,7522,4977,2330,211,828,1032,464,466
Apr 2023 to Mar 2024 (Period 09),Greater Anglia,5282,5777,4249,2696,3238,493,1092,733,564,372
Apr 2023 to Mar 2024 (Period 10),Greater Anglia,2761,3848,7354,984,2442,192,606,542,523,494
Apr 2023 to Mar 2024 (Period 11),Greater Anglia,2622,11793,2448,2723,2454,228,578,797,512,269
Apr 2023 to Mar 2024 (Period 12),Greater Anglia,2685,10173,1655,2418,1889,83,830,1268,776,538
Apr 2023 to Mar 2024 (Period 13),Greater Anglia,4696,4996,3910,3622,2107,723,673,496,463,484
Apr 2024 to Mar 2025 (Period 01),Greater Anglia,6132,4481,1940,4736,2360,156,597,1047,538,314
Apr 2024 to Mar 2025 (Period 02),Greater Anglia,3948,4424,729,3219,1490,100,798,711,282,310
Apr 2024 to Mar 2025 (Period 03),Greater Anglia,7068,3412,1288,3508,1780,71,832,729,428,347
Apr 2024 to Mar 2025 (Period 04),Greater Anglia,4938,7173,649,2944,2121,213,592,526,584,541
Apr 2024 to Mar 2025 (Period 05),Greater Anglia,7920,5951,835,2948,1049,73,725,554,698,518
Apr 2024 to Mar 2025 (Period 06),Greater Anglia,7961,5494,886,2006,1526,104,873,548,448,657
Apr 2024 to Mar 2025 (Period 07),Greater Anglia,10793,7068,302,4648,2111,154,530,3844,708,490
Apr 2024 to Mar 2025 (Period 08),Greater Anglia,5358,8383,287,3694,1206,204,974,1296,635,653
Apr 2024 to Mar 2025 (Period 09),Greater Anglia,8157,5430,5658,5078,2334,136,674,1483,698,660
Apr 2024 to Mar 2025 (Period 10),Greater Anglia,4369,4282,1319,1143,1193,422,406,828,342,202
Apr 2024 to Mar 2025 (Period 11),Greater Anglia,3274,9694,2885,2249,3881,250,676,989,668,392
Apr 2024 to Mar 2025 (Period 12),Greater Anglia,5623,5616,109,4369,1443,122,680,909,589,502
Apr 2024 to Mar 2025 (Period 13),Greater Anglia,10328,6627,274,3839,2579,692,597,953,493,592
Apr 2025 to Mar 2026 (Period 01),Greater Anglia,4614,4953,332,3392,1699,378,294,869,378,529
Apr 2023 to Mar 2024 (Period 02),Hanson and Hall Charters,8,14,3,1,0,0,0,34,10,0
Apr 2023 to Mar 2024 (Period 03),Hanson and Hall Charters,0,6,0,0,0,0,0,96,29,0
Apr 2023 to Mar 2024 (Period 04),Hanson and Hall Charters,9,0,4,0,0,0,0,19,14,5
Apr 2023 to Mar 2024 (Period 12),Hanson and Hall Charters,0,0,0,0,0,0,0,0,0,0
Apr 2024 to Mar 2025 (Period 02),Hanson and Hall Charters,5,7,0,5,0,0,0,0,0,4
Apr 2024 to Mar 2025 (Period 03),Hanson and Hall Charters,123,4,0,22,0,0,0,11,0,0
Apr 2024 to Mar 2025 (Period 04),Hanson and Hall Charters,4,0,0,4,0,0,0,0,0,0
Apr 2024 to Mar 2025 (Period 05),Hanson and Hall Charters,0,0,0,27,0,0,0,0,0,0
Apr 2024 to Mar 2025 (Period 06),Hanson and Hall Charters,0,5,0,0,0,0,0,6,0,8
Apr 2022 to Mar 2023 (Period 01),Heathrow Express,221,800,5,549,379,3,21,54,10,16
Apr 2022 to Mar 2023 (Period 02),Heathrow Express,386,275,3,332,294,6,25,185,34,38
Apr 2022 to Mar 2023 (Period 03),Heathrow Express,64,251,53,156,297,0,64,173,2,155
Apr 2022 to Mar 2023 (Period 04),Heathrow Express,186,621,138,924,462,0,91,186,61,117
Apr 2022 to Mar 2023 (Period 05),Heathrow Express,559,440,69,303,156,7,33,168,20,65
Apr 2022 to Mar 2023 (Period 06),Heathrow Express,960,655,375,349,218,0,53,492,34,185
Apr 2022 to Mar 2023 (Period 07),Heathrow Express,199,1040,110,105,158,0,26,298,22,135
Apr 2022 to Mar 2023 (Period 08),Heathrow Express,340,462,154,62,514,34,69,229,47,74
Apr 2022 to Mar 2023 (Period 09),Heathrow Express,166,804,43,630,216,0,67,312,59,156
Apr 2022 to Mar 2023 (Period 10),Heathrow Express,5,384,22,55,121,0,89,82,21,53
Apr 2022 to Mar 2023 (Period 11),Heathrow Express,549,697,65,826,186,3,105,427,69,65
Apr 2022 to Mar 2023 (Period 12),Heathrow Express,239,632,83,281,128,0,40,435,37,90
Apr 2022 to Mar 2023 (Period 13),Heathrow Express,328,463,118,484,212,12,45,833,34,120
Apr 2023 to Mar 2024 (Period 01),Heathrow Express,819,376,206,152,62,1,40,240,60,74
Apr 2023 to Mar 2024 (Period 02),Heathrow Express,174,842,230,167,117,6,16,139,20,80
Apr 2023 to Mar 2024 (Period 03),Heathrow Express,188,974,227,113,241,32,45,259,47,87
Apr 2023 to Mar 2024 (Period 04),Heathrow Express,615,947,62,193,336,30,44,172,68,101
Apr 2023 to Mar 2024 (Period 05),Heathrow Express,544,1674,27,282,89,0,31,500,63,124
Apr 2023 to Mar 2024 (Period 06),Heathrow Express,858,2067,12,84,72,0,53,269,51,133
Apr 2023 to Mar 2024 (Period 07),Heathrow Express,676,1342,75,49,103,0,69,373,286,132
Apr 2023 to Mar 2024 (Period 08),Heathrow Express,130,1231,194,749,54,0,21,376,57,148
Apr 2023 to Mar 2024 (Period 09),Heathrow Express,292,813,142,2775,703,24,104,818,80,488
Apr 2023 to Mar 2024 (Period 10),Heathrow Express,583,1609,611,2068,272,12,78,384,190,158
Apr 2023 to Mar 2024 (Period 11),Heathrow Express,98,1493,83,375,400,21,79,1050,100,151
Apr 2023 to Mar 2024 (Period 12),Heathrow Express,777,748,180,282,91,3,95,453,28,106
Apr 2023 to Mar 2024 (Period 13),Heathrow Express,686,1699,137,433,376,18,30,650,85,178
Apr 2024 to Mar 2025 (Period 01),Heathrow Express,272,1054,14,518,128,9,196,424,43,215
Apr 2024 to Mar 2025 (Period 02),Heathrow Express,424,686,174,522,101,0,105,264,88,183
Apr 2024 to Mar 2025 (Period 03),Heathrow Express,514,543,22,623,11,6,70,275,55,104
Apr 2024 to Mar 2025 (Period 04),Heathrow Express,607,1413,17,755,61,0,21,150,298,154
Apr 2024 to Mar 2025 (Period 05),Heathrow Express,548,914,50,913,49,0,19,475,79,82
Apr 2024 to Mar 2025 (Period 06),Heathrow Express,1301,698,19,275,34,7,46,201,68,116
Apr 2024 to Mar 2025 (Period 07),Heathrow Express,574,550,93,317,304,4,153,422,94,235
Apr 2024 to Mar 2025 (Period 08),Heathrow Express,220,878,93,385,97,0,131,413,59,288
Apr 2024 to Mar 2025 (Period 09),Heathrow Express,354,1244,268,757,33,0,3,452,126,210
Apr 2024 to Mar 2025 (Period 10),Heathrow Express,321,419,68,22,35,0,128,267,50,117
Apr 2024 to Mar 2025 (Period 11),Heathrow Express,702,1338,527,303,13,0,65,257,8,173
Apr 2024 to Mar 2025 (Period 12),Heathrow Express,696,600,11,1277,329,0,84,285,75,82
Apr 2024 to Mar 2025 (Period 13),Heathrow Express,454,676,8,356,78,7,42,322,49,120
Apr 2025 to Mar 2026 (Period 01),Heathrow Express,198,729,0,233,60,2,38,535,99,134
Apr 2022 to Mar 2023 (Period 01),Hull Trains,259,184,54,65,6,5,2,72,1,19
Apr 2022 to Mar 2023 (Period 02),Hull Trains,723,256,9,135,0,7,17,135,7,22
Apr 2022 to Mar 2023 (Period 03),Hull Trains,485,307,3,122,10,10,20,135,10,76
Apr 2022 to Mar 2023 (Period 04),Hull Trains,245,616,156,49,48,8,36,321,15,46
Apr 2022 to Mar 2023 (Period 05),Hull Trains,416,835,467,167,59,8,7,869,7,124
Apr 2022 to Mar 2023 (Period 06),Hull Trains,110,797,120,514,13,28,39,351,22,80
Apr 2022 to Mar 2023 (Period 07),Hull Trains,544,251,39,344,0,6,78,122,32,120
Apr 2022 to Mar 2023 (Period 08),Hull Trains,653,489,252,281,7,8,65,353,96,124
Apr 2022 to Mar 2023 (Period 09),Hull Trains,370,431,288,656,25,6,51,379,50,35
Apr 2022 to Mar 2023 (Period 10),Hull Trains,183,271,188,340,34,12,68,266,31,68
Apr 2022 to Mar 2023 (Period 11),Hull Trains,265,443,242,266,54,27,33,295,25,40
Apr 2022 to Mar 2023 (Period 12),Hull Trains,134,188,152,91,50,54,28,96,49,93
Apr 2022 to Mar 2023 (Period 13),Hull Trains,196,443,402,228,40,37,28,142,72,50
Apr 2023 to Mar 2024 (Period 01),Hull Trains,526,457,164,235,102,8,94,59,30,24
Apr 2023 to Mar 2024 (Period 02),Hull Trains,298,387,93,190,236,24,0,142,12,83
Apr 2023 to Mar 2024 (Period 03),Hull Trains,649,805,56,326,0,33,43,364,20,30
Apr 2023 to Mar 2024 (Period 04),Hull Trains,239,411,0,163,31,36,38,86,22,110
Apr 2023 to Mar 2024 (Period 05),Hull Trains,513,649,17,255,69,29,42,210,36,54
Apr 2023 to Mar 2024 (Period 06),Hull Trains,718,428,66,139,29,32,28,132,37,47
Apr 2023 to Mar 2024 (Period 07),Hull Trains,303,1124,32,72,123,50,36,189,13,65
Apr 2023 to Mar 2024 (Period 08),Hull Trains,78,888,602,142,166,90,43,192,88,85
Apr 2023 to Mar 2024 (Period 09),Hull Trains,434,1241,613,257,141,22,11,353,48,52
Apr 2023 to Mar 2024 (Period 10),Hull Trains,162,845,1016,27,436,28,44,241,38,86
Apr 2023 to Mar 2024 (Period 11),Hull Trains,303,345,217,178,22,79,44,201,15,24
Apr 2023 to Mar 2024 (Period 12),Hull Trains,382,672,24,211,77,46,33,221,37,73
Apr 2023 to Mar 2024 (Period 13),Hull Trains,998,398,43,133,37,26,20,332,9,85
Apr 2024 to Mar 2025 (Period 01),Hull Trains,156,460,21,159,20,30,46,119,26,23
Apr 2024 to Mar 2025 (Period 02),Hull Trains,414,631,6,182,210,15,48,278,42,82
Apr 2024 to Mar 2025 (Period 03),Hull Trains,317,367,3,67,46,7,2,505,54,69
Apr 2024 to Mar 2025 (Period 04),Hull Trains,378,1246,31,60,84,3,13,697,66,48
Apr 2024 to Mar 2025 (Period 05),Hull Trains,1833,630,147,63,33,6,10,193,43,64
Apr 2024 to Mar 2025 (Period 06),Hull Trains,613,492,37,287,21,6,23,142,51,57
Apr 2024 to Mar 2025 (Period 07),Hull Trains,952,397,164,108,267,12,11,141,28,80
Apr 2024 to Mar 2025 (Period 08),Hull Trains,468,454,138,138,177,40,35,94,3,113
Apr 2024 to Mar 2025 (Period 09),Hull Trains,733,827,338,411,0,4,79,397,8,208
Apr 2024 to Mar 2025 (Period 10),Hull Trains,1064,233,137,140,20,2,18,422,36,29
Apr 2024 to Mar 2025 (Period 11),Hull Trains,550,1351,1078,174,29,42,62,234,20,61
Apr 2024 to Mar 2025 (Period 12),Hull Trains,1564,365,50,237,6,2,58,152,15,97
Apr 2024 to Mar 2025 (Period 13),Hull Trains,265,209,2,222,0,34,9,413,12,41
Apr 2025 to Mar 2026 (Period 01),Hull Trains,566,789,18,274,171,24,12,130,14,74
Apr 2022 to Mar 2023 (Period 01),London North Eastern Railway,4734,2511,876,2217,1658,90,466,1560,307,1006
Apr 2022 to Mar 2023 (Period 02),London North Eastern Railway,7028,4006,39,2772,1661,62,298,1614,331,683
Apr 2022 to Mar 2023 (Period 03),London North Eastern Railway,9783,4619,76,1817,2529,138,697,1310,216,994
Apr 2022 to Mar 2023 (Period 04),London North Eastern Railway,11086,8376,5937,1605,1278,731,773,3130,341,918
Apr 2022 to Mar 2023 (Period 05),London North Eastern Railway,6332,11489,6017,2025,9657,134,930,849,177,1102
Apr 2022 to Mar 2023 (Period 06),London North Eastern Railway,3372,11238,915,3996,2359,454,1897,3022,408,819
Apr 2022 to Mar 2023 (Period 07),London North Eastern Railway,6604,2819,2276,2737,2587,288,1476,1581,246,909
Apr 2022 to Mar 2023 (Period 08),London North Eastern Railway,13005,3020,3214,2469,3646,788,1551,2420,424,1456
Apr 2022 to Mar 2023 (Period 09),London North Eastern Railway,12654,4883,5936,5791,2874,833,1822,1562,416,874
Apr 2022 to Mar 2023 (Period 10),London North Eastern Railway,1709,2794,2904,2745,2723,1114,2624,3102,261,510
Apr 2022 to Mar 2023 (Period 11),London North Eastern Railway,2962,7834,2340,4044,3110,592,837,2316,358,740
Apr 2022 to Mar 2023 (Period 12),London North Eastern Railway,3062,4261,3960,2507,1722,478,1342,1549,390,940
Apr 2022 to Mar 2023 (Period 13),London North Eastern Railway,2607,6007,3597,4549,3464,451,801,1771,481,724
Apr 2023 to Mar 2024 (Period 01),London North Eastern Railway,7896,4818,546,2521,1363,457,542,1010,257,883
Apr 2023 to Mar 2024 (Period 02),London North Eastern Railway,5536,5432,759,3699,2281,378,862,1943,233,777
Apr 2023 to Mar 2024 (Period 03),London North Eastern Railway,4947,7727,1126,4172,2918,439,909,3275,234,860
Apr 2023 to Mar 2024 (Period 04),London North Eastern Railway,3409,3191,1277,2329,1514,404,1246,1080,302,989
Apr 2023 to Mar 2024 (Period 05),London North Eastern Railway,6752,6174,856,2620,1925,712,1210,1969,262,879
Apr 2023 to Mar 2024 (Period 06),London North Eastern Railway,7710,4219,443,827,1811,384,570,1464,292,815
Apr 2023 to Mar 2024 (Period 07),London North Eastern Railway,6275,11705,988,1532,2453,283,869,1757,308,934
Apr 2023 to Mar 2024 (Period 08),London North Eastern Railway,3044,17702,16217,1938,1924,1442,1362,1698,240,1041
Apr 2023 to Mar 2024 (Period 09),London North Eastern Railway,5093,12306,8541,3324,3079,512,1067,2104,494,1286
Apr 2023 to Mar 2024 (Period 10),London North Eastern Railway,2320,10357,16308,821,2518,1286,2108,2275,392,852
Apr 2023 to Mar 2024 (Period 11),London North Eastern Railway,5966,4761,5619,2234,3191,825,815,2069,294,690
Apr 2023 to Mar 2024 (Period 12),London North Eastern Railway,5452,5497,1441,2270,2138,1480,656,1286,278,650
Apr 2023 to Mar 2024 (Period 13),London North Eastern Railway,8335,5450,1484,2698,1168,461,1255,1389,451,722
Apr 2024 to Mar 2025 (Period 01),London North Eastern Railway,3870,3160,4451,3258,1519,539,916,2656,640,717
Apr 2024 to Mar 2025 (Period 02),London North Eastern Railway,11102,6541,686,4443,1364,864,1110,2519,335,830
Apr 2024 to Mar 2025 (Period 03),London North Eastern Railway,7351,4080,192,1308,2528,870,1235,3443,378,720
Apr 2024 to Mar 2025 (Period 04),London North Eastern Railway,10291,9678,153,1923,4648,1178,928,1238,344,941
Apr 2024 to Mar 2025 (Period 05),London North Eastern Railway,13086,7038,1644,1187,1988,1110,1010,1381,276,809
Apr 2024 to Mar 2025 (Period 06),London North Eastern Railway,10473,5771,1594,2032,1856,1080,870,2196,273,758
Apr 2024 to Mar 2025 (Period 07),London North Eastern Railway,11523,5154,1920,1628,1782,354,510,2372,276,1062
Apr 2024 to Mar 2025 (Period 08),London North Eastern Railway,3861,4914,1976,1483,1746,162,283,1724,352,1152
Apr 2024 to Mar 2025 (Period 09),London North Eastern Railway,8070,10680,6027,2975,6553,404,1404,1958,341,1311
Apr 2024 to Mar 2025 (Period 10),London North Eastern Railway,9003,2644,3576,1633,5064,209,591,4581,408,834
Apr 2024 to Mar 2025 (Period 11),London North Eastern Railway,6305,10804,7907,2515,3479,356,566,3848,333,900
Apr 2024 to Mar 2025 (Period 12),London North Eastern Railway,9083,4714,1121,3096,2190,216,952,2996,326,1170
Apr 2024 to Mar 2025 (Period 13),London North Eastern Railway,4978,6306,214,3087,2779,235,507,2711,309,583
Apr 2025 to Mar 2026 (Period 01),London North Eastern Railway,10566,7131,778,2893,2281,103,387,1959,693,858
Apr 2022 to Mar 2023 (Period 01),London Overground,1326,2846,1717,3105,1427,91,1464,742,402,460
Apr 2022 to Mar 2023 (Period 02),London Overground,1323,2878,530,2972,816,30,1798,364,488,362
Apr 2022 to Mar 2023 (Period 03),London Overground,3028,3047,91,3934,715,75,1726,368,514,445
Apr 2022 to Mar 2023 (Period 04),London Overground,1558,3903,264,6870,1852,65,2118,408,554,504
Apr 2022 to Mar 2023 (Period 05),London Overground,2716,1416,2186,5119,1335,147,1580,639,586,338
Apr 2022 to Mar 2023 (Period 06),London Overground,2365,3609,2232,4186,2991,86,1551,628,686,472
Apr 2022 to Mar 2023 (Period 07),London Overground,1789,2216,40,2865,1577,148,1335,1084,593,311
Apr 2022 to Mar 2023 (Period 08),London Overground,2334,3454,1713,4451,1088,115,1535,508,844,708
Apr 2022 to Mar 2023 (Period 09),London Overground,2209,3078,282,3103,1518,108,1864,1698,940,1832
Apr 2022 to Mar 2023 (Period 10),London Overground,1028,4054,2168,2080,1655,273,1872,444,354,249
Apr 2022 to Mar 2023 (Period 11),London Overground,4231,2671,271,1742,1069,93,1763,2438,666,759
Apr 2022 to Mar 2023 (Period 12),London Overground,1830,2241,21,1767,1482,137,1559,829,542,273
Apr 2022 to Mar 2023 (Period 13),London Overground,3389,2571,143,2089,1045,233,1382,828,718,334
Apr 2023 to Mar 2024 (Period 01),London Overground,1252,2521,501,2022,1363,154,1505,799,601,467
Apr 2023 to Mar 2024 (Period 02),London Overground,2531,4419,150,4286,862,70,2455,450,684,778
Apr 2023 to Mar 2024 (Period 03),London Overground,5084,2983,284,2245,1643,185,2351,1742,596,624
Apr 2023 to Mar 2024 (Period 04),London Overground,2489,2456,1111,1278,1326,43,2236,918,606,755
Apr 2023 to Mar 2024 (Period 05),London Overground,884,1764,132,966,2995,138,2007,514,622,620
Apr 2023 to Mar 2024 (Period 06),London Overground,2126,3827,400,1408,2169,78,2427,1238,494,396
Apr 2023 to Mar 2024 (Period 07),London Overground,2480,4625,1432,3226,1196,314,3095,848,720,1101
Apr 2023 to Mar 2024 (Period 08),London Overground,867,3379,548,2431,1641,1779,1728,1690,1002,794
Apr 2023 to Mar 2024 (Period 09),London Overground,2330,4799,1416,3241,2006,2123,1956,755,1024,703
Apr 2023 to Mar 2024 (Period 10),London Overground,907,4110,2250,683,1314,739,1191,558,629,460
Apr 2023 to Mar 2024 (Period 11),London Overground,1619,3244,583,1356,1670,1339,1773,750,443,384
Apr 2023 to Mar 2024 (Period 12),London Overground,1872,5924,737,2128,1280,1104,1868,745,982,278
Apr 2023 to Mar 2024 (Period 13),London Overground,3364,4047,560,2336,1071,811,1054,486,579,294
Apr 2024 to Mar 2025 (Period 01),London Overground,3534,4999,1438,686,2651,366,1677,624,689,320
Apr 2024 to Mar 2025 (Period 02),London Overground,2041,4414,640,643,1391,575,1865,1190,514,558
Apr 2024 to Mar 2025 (Period 03),London Overground,2363,2778,14,2183,1054,949,2054,924,624,489
Apr 2024 to Mar 2025 (Period 04),London Overground,4005,5856,420,4022,1545,731,1588,638,756,808
Apr 2024 to Mar 2025 (Period 05),London Overground,5088,4419,115,4234,1185,1482,2245,721,1024,562
Apr 2024 to Mar 2025 (Period 06),London Overground,3313,5685,73,1604,1975,1101,1873,927,701,592
Apr 2024 to Mar 2025 (Period 07),London Overground,2568,2862,1458,3731,2501,1452,2728,697,646,430
Apr 2024 to Mar 2025 (Period 08),London Overground,3303,3583,125,5511,1879,1244,2881,2228,715,816
Apr 2024 to Mar 2025 (Period 09),London Overground,1782,3868,1738,2794,1341,1887,4224,985,715,583
Apr 2024 to Mar 2025 (Period 10),London Overground,2660,1902,1327,1458,1581,942,2485,709,971,833
Apr 2024 to Mar 2025 (Period 11),London Overground,2334,4392,427,2080,2667,1556,2569,1786,768,597
Apr 2024 to Mar 2025 (Period 12),London Overground,1679,2046,26,2318,261,1346,2351,794,1224,394
Apr 2024 to Mar 2025 (Period 13),London Overground,3796,5655,35,774,1151,1382,2169,1415,1478,608
Apr 2025 to Mar 2026 (Period 01),London Overground,3483,3843,45,654,1231,731,1713,418,980,1114
Apr 2022 to Mar 2023 (Period 01),Lumo,424,339,86,147,145,115,300,241,23,116
Apr 2022 to Mar 2023 (Period 02),Lumo,1220,366,8,340,126,45,15,198,14,104
Apr 2022 to Mar 2023 (Period 03),Lumo,817,559,3,189,599,68,129,304,6,98
Apr 2022 to Mar 2023 (Period 04),Lumo,546,485,478,95,152,31,133,391,70,153
Apr 2022 to Mar 2023 (Period 05),Lumo,575,646,610,398,101,113,65,789,26,64
Apr 2022 to Mar 2023 (Period 06),Lumo,203,844,102,309,463,137,138,248,43,72
Apr 2022 to Mar 2023 (Period 07),Lumo,153,118,108,276,61,15,82,130,56,54
Apr 2022 to Mar 2023 (Period 08),Lumo,789,262,282,172,148,28,7,549,43,148
Apr 2022 to Mar 2023 (Period 09),Lumo,1301,287,674,521,10,169,299,361,18,148
Apr 2022 to Mar 2023 (Period 10),Lumo,167,355,307,351,576,33,197,414,60,124
Apr 2022 to Mar 2023 (Period 11),Lumo,102,867,305,509,320,66,8,241,39,59
Apr 2022 to Mar 2023 (Period 12),Lumo,386,371,151,321,171,148,7,157,44,116
Apr 2022 to Mar 2023 (Period 13),Lumo,455,561,294,743,65,94,9,445,46,101
Apr 2023 to Mar 2024 (Period 01),Lumo,1075,325,150,278,84,4,134,166,12,33
Apr 2023 to Mar 2024 (Period 02),Lumo,498,511,66,319,62,16,3,220,43,100
Apr 2023 to Mar 2024 (Period 03),Lumo,867,683,59,401,290,160,24,772,53,97
Apr 2023 to Mar 2024 (Period 04),Lumo,433,347,46,228,149,100,8,126,57,190
Apr 2023 to Mar 2024 (Period 05),Lumo,625,762,7,245,94,9,0,254,33,109
Apr 2023 to Mar 2024 (Period 06),Lumo,294,427,27,95,322,96,10,198,54,71
Apr 2023 to Mar 2024 (Period 07),Lumo,984,952,59,164,47,46,0,246,61,98
Apr 2023 to Mar 2024 (Period 08),Lumo,334,1534,2428,214,181,54,26,203,164,127
Apr 2023 to Mar 2024 (Period 09),Lumo,234,1394,910,393,5,10,19,241,86,70
Apr 2023 to Mar 2024 (Period 10),Lumo,94,1334,1728,65,122,12,2,469,60,160
Apr 2023 to Mar 2024 (Period 11),Lumo,616,469,471,195,40,36,216,328,37,62
Apr 2023 to Mar 2024 (Period 12),Lumo,590,375,99,157,56,23,12,205,17,110
Apr 2023 to Mar 2024 (Period 13),Lumo,295,516,266,275,4,11,10,214,59,204
Apr 2024 to Mar 2025 (Period 01),Lumo,459,298,591,253,223,14,14,358,106,78
Apr 2024 to Mar 2025 (Period 02),Lumo,1702,589,124,1059,5,28,50,153,74,113
Apr 2024 to Mar 2025 (Period 03),Lumo,1090,456,17,81,29,128,6,570,84,146
Apr 2024 to Mar 2025 (Period 04),Lumo,1606,806,12,166,0,24,192,236,102,92
Apr 2024 to Mar 2025 (Period 05),Lumo,1122,543,41,149,8,33,20,330,96,130
Apr 2024 to Mar 2025 (Period 06),Lumo,1393,566,76,335,121,10,2,220,69,94
Apr 2024 to Mar 2025 (Period 07),Lumo,1214,356,137,144,245,62,11,116,54,106
Apr 2024 to Mar 2025 (Period 08),Lumo,463,551,104,187,181,61,3,220,76,71
Apr 2024 to Mar 2025 (Period 09),Lumo,653,1156,879,277,16,60,100,635,40,263
Apr 2024 to Mar 2025 (Period 10),Lumo,1137,161,780,169,20,92,338,760,61,101
Apr 2024 to Mar 2025 (Period 11),Lumo,676,737,1569,206,63,33,3,633,8,32
Apr 2024 to Mar 2025 (Period 12),Lumo,372,291,98,241,4,10,0,218,20,51
Apr 2024 to Mar 2025 (Period 13),Lumo,389,582,15,345,165,99,13,274,28,71
Apr 2025 to Mar 2026 (Period 01),Lumo,975,614,129,203,110,76,45,251,116,245
Apr 2022 to Mar 2023 (Period 01),Merseyrail,442,628,0,8,332,246,423,24,3,0
Apr 2022 to Mar 2023 (Period 02),Merseyrail,674,1343,0,333,878,388,1084,10,14,4
Apr 2022 to Mar 2023 (Period 03),Merseyrail,1188,553,14,188,826,444,1213,7,0,16
Apr 2022 to Mar 2023 (Period 04),Merseyrail,2032,3550,160,3,1176,456,1219,41,9,20
Apr 2022 to Mar 2023 (Period 05),Merseyrail,667,718,141,200,722,514,1029,126,36,19
Apr 2022 to Mar 2023 (Period 06),Merseyrail,1617,484,39,341,520,234,555,47,50,32
Apr 2022 to Mar 2023 (Period 07),Merseyrail,484,280,6,828,589,226,376,27,45,14
Apr 2022 to Mar 2023 (Period 08),Merseyrail,1149,889,238,0,1040,348,1220,14,3,5
Apr 2022 to Mar 2023 (Period 09),Merseyrail,1923,859,709,61,864,449,390,39,14,73
Apr 2022 to Mar 2023 (Period 10),Merseyrail,701,1214,321,126,655,408,538,32,14,35
Apr 2022 to Mar 2023 (Period 11),Merseyrail,983,886,1296,37,1358,552,776,24,13,17
Apr 2022 to Mar 2023 (Period 12),Merseyrail,179,613,0,123,1472,234,502,90,12,50
Apr 2022 to Mar 2023 (Period 13),Merseyrail,1373,1708,125,52,1318,173,633,3,14,20
Apr 2023 to Mar 2024 (Period 01),Merseyrail,717,1006,12,220,1862,268,602,35,72,17
Apr 2023 to Mar 2024 (Period 02),Merseyrail,1169,697,9,5,2482,500,830,27,10,36
Apr 2023 to Mar 2024 (Period 03),Merseyrail,509,1105,240,78,2212,454,1072,82,46,49
Apr 2023 to Mar 2024 (Period 04),Merseyrail,1105,560,229,487,1482,248,656,92,20,232
Apr 2023 to Mar 2024 (Period 05),Merseyrail,2529,1534,14,1,2405,300,1020,31,22,35
Apr 2023 to Mar 2024 (Period 06),Merseyrail,968,798,209,12,2596,575,982,16,11,54
Apr 2023 to Mar 2024 (Period 07),Merseyrail,1266,2090,224,196,4102,502,1182,20,13,26
Apr 2023 to Mar 2024 (Period 08),Merseyrail,850,1243,1082,0,5355,668,548,25,16,0
Apr 2023 to Mar 2024 (Period 09),Merseyrail,1393,609,1466,476,6030,835,1020,45,3,33
Apr 2023 to Mar 2024 (Period 10),Merseyrail,1025,2463,320,26,5852,1016,896,99,11,88
Apr 2023 to Mar 2024 (Period 11),Merseyrail,711,1693,483,0,7111,838,1016,168,5,3
Apr 2023 to Mar 2024 (Period 12),Merseyrail,825,1318,23,374,7221,711,860,23,3,39
Apr 2023 to Mar 2024 (Period 13),Merseyrail,1108,652,8,161,5358,626,761,33,21,6
Apr 2024 to Mar 2025 (Period 01),Merseyrail,1694,567,284,59,5124,488,704,72,99,35
Apr 2024 to Mar 2025 (Period 02),Merseyrail,2296,885,863,120,6034,620,1059,31,53,16
Apr 2024 to Mar 2025 (Period 03),Merseyrail,445,1279,0,48,6367,685,902,70,3,13
Apr 2024 to Mar 2025 (Period 04),Merseyrail,2313,1717,393,162,4473,563,889,51,12,11
Apr 2024 to Mar 2025 (Period 05),Merseyrail,2100,2175,272,829,4700,1048,1382,42,6,27
Apr 2024 to Mar 2025 (Period 06),Merseyrail,1017,695,567,51,3926,576,920,49,6,12
Apr 2024 to Mar 2025 (Period 07),Merseyrail,1663,203,403,101,3313,694,602,75,14,59
Apr 2024 to Mar 2025 (Period 08),Merseyrail,1899,2010,738,1381,4387,1474,1166,78,29,55
Apr 2024 to Mar 2025 (Period 09),Merseyrail,1980,983,4698,184,5845,1278,882,119,9,40
Apr 2024 to Mar 2025 (Period 10),Merseyrail,1661,2634,529,279,3103,765,1138,29,16,40
Apr 2024 to Mar 2025 (Period 11),Merseyrail,2082,1161,6907,27,3318,1024,1423,45,20,25
Apr 2024 to Mar 2025 (Period 12),Merseyrail,1122,3188,0,470,3595,923,1158,51,13,16
Apr 2024 to Mar 2025 (Period 13),Merseyrail,1698,2044,64,2284,3156,805,1464,26,11,10
Apr 2025 to Mar 2026 (Period 01),Merseyrail,1358,4140,5,371,4235,552,2366,48,6,11
Apr 2022 to Mar 2023 (Period 01),Northern Trains,16842,13032,1039,5186,19010,6064,14774,4145,1027,2978
Apr 2022 to Mar 2023 (Period 02),Northern Trains,17646,9111,467,3187,16552,5394,17846,5071,926,2969
Apr 2022 to Mar 2023 (Period 03),Northern Trains,17182,10976,920,2110,16928,6008,14802,5532,1003,3618
Apr 2022 to Mar 2023 (Period 04),Northern Trains,19461,20079,10425,5263,18804,5314,12466,6505,1278,4946
Apr 2022 to Mar 2023 (Period 05),Northern Trains,15162,16046,3837,4931,16256,7141,12294,5501,1249,3943
Apr 2022 to Mar 2023 (Period 06),Northern Trains,16788,9839,2361,7872,16310,6033,14508,6638,1413,4167
Apr 2022 to Mar 2023 (Period 07),Northern Trains,15416,9535,5691,9708,17213,6308,11776,5524,1678,3780
Apr 2022 to Mar 2023 (Period 08),Northern Trains,15214,19281,25528,5632,18055,8130,17226,7390,3056,4838
Apr 2022 to Mar 2023 (Period 09),Northern Trains,13480,18849,22609,10070,17228,6736,18555,7912,1516,5207
Apr 2022 to Mar 2023 (Period 10),Northern Trains,5319,11937,5770,5110,10880,8048,12016,3268,967,2716
Apr 2022 to Mar 2023 (Period 11),Northern Trains,13716,24159,15613,9854,26047,8546,15202,6881,2162,5981
Apr 2022 to Mar 2023 (Period 12),Northern Trains,15129,18392,17405,11234,21443,7471,17031,7338,1826,5534
Apr 2022 to Mar 2023 (Period 13),Northern Trains,18065,15614,7233,5377,20844,6559,16225,5260,1706,4025
Apr 2023 to Mar 2024 (Period 01),Northern Trains,21460,17058,3054,6194,15926,4322,13576,7055,1308,4346
Apr 2023 to Mar 2024 (Period 02),Northern Trains,19267,24652,3691,8630,20308,4094,11907,8175,1239,5144
Apr 2023 to Mar 2024 (Period 03),Northern Trains,17418,23743,6852,11325,23886,5718,17488,8075,1518,4189
Apr 2023 to Mar 2024 (Period 04),Northern Trains,18492,21140,5250,8600,20175,4040,14670,7626,1521,5088
Apr 2023 to Mar 2024 (Period 05),Northern Trains,20491,14925,7286,4085,27328,5487,20742,8837,1350,5180
Apr 2023 to Mar 2024 (Period 06),Northern Trains,15154,20744,3082,8646,18294,4889,15954,7783,1190,3828
Apr 2023 to Mar 2024 (Period 07),Northern Trains,16797,22254,9531,3246,20234,8064,18071,11705,1246,4683
Apr 2023 to Mar 2024 (Period 08),Northern Trains,15125,27595,41222,5388,21548,6561,20394,9336,1886,5415
Apr 2023 to Mar 2024 (Period 09),Northern Trains,22176,30130,55830,13834,26167,9248,24291,12091,2638,6317
Apr 2023 to Mar 2024 (Period 10),Northern Trains,14087,18169,26918,3575,23286,10620,14802,9360,1411,4795
Apr 2023 to Mar 2024 (Period 11),Northern Trains,19076,34622,15466,8925,21535,5319,11841,8692,1144,5045
Apr 2023 to Mar 2024 (Period 12),Northern Trains,17912,16420,8692,8585,15146,6245,13539,6037,1475,4748
Apr 2023 to Mar 2024 (Period 13),Northern Trains,15416,16391,7703,6364,16647,6557,12034,7086,1549,4719
Apr 2024 to Mar 2025 (Period 01),Northern Trains,17590,17884,5790,11928,15895,4711,13925,4726,1612,3073
Apr 2024 to Mar 2025 (Period 02),Northern Trains,19136,20916,8584,7841,17542,5519,16590,6351,1346,2994
Apr 2024 to Mar 2025 (Period 03),Northern Trains,21886,14116,6067,8929,15576,5235,19386,9110,1225,3641
Apr 2024 to Mar 2025 (Period 04),Northern Trains,24024,19407,7220,5903,16102,5542,24462,8148,1276,3762
Apr 2024 to Mar 2025 (Period 05),Northern Trains,34322,21565,5543,6960,20462,5213,15774,8382,1123,3680
Apr 2024 to Mar 2025 (Period 06),Northern Trains,29492,22624,14310,6055,20338,6028,19664,9211,1241,3208
Apr 2024 to Mar 2025 (Period 07),Northern Trains,21593,27841,13869,7434,25768,5898,26814,9672,1689,4032
Apr 2024 to Mar 2025 (Period 08),Northern Trains,21520,25621,32035,7005,21304,7414,26922,7263,1735,3648
Apr 2024 to Mar 2025 (Period 09),Northern Trains,27950,28004,44572,4752,24298,6224,17756,10376,1604,5221
Apr 2024 to Mar 2025 (Period 10),Northern Trains,14323,20014,14530,6033,23320,10088,17014,7233,1443,3564
Apr 2024 to Mar 2025 (Period 11),Northern Trains,18693,31329,32028,4898,28746,5973,12918,10957,1361,3416
Apr 2024 to Mar 2025 (Period 12),Northern Trains,18804,20026,3964,7063,25487,4637,12880,8950,1785,3536
Apr 2024 to Mar 2025 (Period 13),Northern Trains,17357,17690,3184,8721,18660,5361,9428,7760,1300,3356
Apr 2025 to Mar 2026 (Period 01),Northern Trains,22297,19711,1373,8692,20208,4806,9254,10404,1473,2999
Apr 2022 to Mar 2023 (Period 01),ScotRail,10810,5937,3909,1980,6898,3209,4754,952,293,568
Apr 2022 to Mar 2023 (Period 02),ScotRail,4981,7648,2812,2151,5587,3530,9638,896,226,520
Apr 2022 to Mar 2023 (Period 03),ScotRail,4987,4713,1090,1716,3714,2878,4000,740,171,560
Apr 2022 to Mar 2023 (Period 04),ScotRail,5098,5427,4967,1976,6707,3325,3919,1023,166,764
Apr 2022 to Mar 2023 (Period 05),ScotRail,6658,8805,18266,3393,6932,3399,5680,1272,405,862
Apr 2022 to Mar 2023 (Period 06),ScotRail,7394,5795,12555,2635,7680,4110,4315,1198,748,1059
Apr 2022 to Mar 2023 (Period 07),ScotRail,7672,6690,22463,4397,8955,2348,5510,950,444,912
Apr 2022 to Mar 2023 (Period 08),ScotRail,4562,8935,30884,3048,6807,1400,4643,2282,800,1366
Apr 2022 to Mar 2023 (Period 09),ScotRail,6003,13358,21529,2948,7357,1844,4802,2017,586,2022
Apr 2022 to Mar 2023 (Period 10),ScotRail,2814,6904,18107,1582,7516,2876,3569,1771,770,913
Apr 2022 to Mar 2023 (Period 11),ScotRail,4913,8086,11925,3751,8622,4422,4358,1702,689,882
Apr 2022 to Mar 2023 (Period 12),ScotRail,6093,7777,4457,4678,6905,3887,3610,1361,563,892
Apr 2022 to Mar 2023 (Period 13),ScotRail,5085,9532,8747,3088,6414,3698,4008,1797,380,539
Apr 2023 to Mar 2024 (Period 01),ScotRail,10048,7386,2880,3106,7644,3289,3400,1367,455,433
Apr 2023 to Mar 2024 (Period 02),ScotRail,8044,6528,1669,2869,8248,3126,3324,1438,380,1250
Apr 2023 to Mar 2024 (Period 03),ScotRail,9314,12233,8402,2831,10488,4097,4356,1875,338,606
Apr 2023 to Mar 2024 (Period 04),ScotRail,4298,4868,9176,4015,8617,3504,3544,1231,273,627
Apr 2023 to Mar 2024 (Period 05),ScotRail,5299,7024,5732,2620,8982,4700,3890,1681,272,832
Apr 2023 to Mar 2024 (Period 06),ScotRail,6282,6276,3258,6019,10302,4246,4137,1452,408,665
Apr 2023 to Mar 2024 (Period 07),ScotRail,6287,12479,36757,3669,7043,2914,5056,865,853,828
Apr 2023 to Mar 2024 (Period 08),ScotRail,6857,9106,30773,5802,8912,2610,6766,2508,554,1199
Apr 2023 to Mar 2024 (Period 09),ScotRail,5484,9402,21698,3363,8428,2784,5410,3880,554,1351
Apr 2023 to Mar 2024 (Period 10),ScotRail,4248,7948,26008,5009,6561,6228,6230,1400,728,1217
Apr 2023 to Mar 2024 (Period 11),ScotRail,5097,11223,23242,4253,8357,5805,6099,2184,453,525
Apr 2023 to Mar 2024 (Period 12),ScotRail,4127,7060,13923,3032,6812,5337,4822,1553,452,832
Apr 2023 to Mar 2024 (Period 13),ScotRail,4067,6558,5266,4028,6122,4951,4274,2058,447,670
Apr 2024 to Mar 2025 (Period 01),ScotRail,6569,7896,11156,4119,6993,4314,4879,1831,450,660
Apr 2024 to Mar 2025 (Period 02),ScotRail,4780,11755,8114,2182,7650,3906,4820,1560,712,300
Apr 2024 to Mar 2025 (Period 03),ScotRail,9952,8652,3247,2890,9177,4660,4337,1436,428,1212
Apr 2024 to Mar 2025 (Period 04),ScotRail,6519,7424,3525,1934,7119,4168,9165,1476,225,490
Apr 2024 to Mar 2025 (Period 05),ScotRail,5493,4274,3238,1608,6258,5659,6486,674,166,535
Apr 2024 to Mar 2025 (Period 06),ScotRail,3964,4865,1208,1038,5889,4586,4333,1704,362,494
Apr 2024 to Mar 2025 (Period 07),ScotRail,5370,5224,3488,4128,9317,4207,3734,1838,487,738
Apr 2024 to Mar 2025 (Period 08),ScotRail,7634,11454,23806,4958,10109,4658,8228,1579,797,1467
Apr 2024 to Mar 2025 (Period 09),ScotRail,8249,13957,19926,5245,10230,6600,7774,4666,945,1037
Apr 2024 to Mar 2025 (Period 10),ScotRail,7145,11334,11403,3246,7345,6927,6932,2467,925,912
Apr 2024 to Mar 2025 (Period 11),ScotRail,6878,8662,10878,1213,9167,5766,6626,1285,554,490
Apr 2024 to Mar 2025 (Period 12),ScotRail,4711,6398,4898,2558,9207,5049,5258,2537,404,413
Apr 2024 to Mar 2025 (Period 13),ScotRail,5308,9699,2146,1322,8068,4467,4397,2066,360,511
Apr 2025 to Mar 2026 (Period 01),ScotRail,7266,8366,1330,1636,7238,4046,4167,1686,496,353
Apr 2022 to Mar 2023 (Period 01),South Western Railway,20494,11079,42,1761,3686,301,3226,888,294,306
Apr 2022 to Mar 2023 (Period 02),South Western Railway,8464,5013,221,1921,3212,398,2290,824,272,639
Apr 2022 to Mar 2023 (Period 03),South Western Railway,17512,22041,73,5494,5625,262,4149,1340,298,562
Apr 2022 to Mar 2023 (Period 04),South Western Railway,15386,18688,8384,5114,5975,589,5028,1303,303,711
Apr 2022 to Mar 2023 (Period 05),South Western Railway,16567,15025,9105,8929,5390,369,3867,1126,367,520
Apr 2022 to Mar 2023 (Period 06),South Western Railway,9544,8680,11192,15549,3618,243,3259,1235,394,514
Apr 2022 to Mar 2023 (Period 07),South Western Railway,5996,8093,1942,10713,2433,204,3023,865,440,530
Apr 2022 to Mar 2023 (Period 08),South Western Railway,7176,16376,10932,8808,5750,1059,5824,1612,621,1199
Apr 2022 to Mar 2023 (Period 09),South Western Railway,7774,23298,16718,20892,7637,848,5430,3447,468,1088
Apr 2022 to Mar 2023 (Period 10),South Western Railway,1539,6689,4901,1258,2032,1056,3930,133,174,234
Apr 2022 to Mar 2023 (Period 11),South Western Railway,14717,35525,12159,6798,4988,877,8625,2990,238,987
Apr 2022 to Mar 2023 (Period 12),South Western Railway,7619,21751,4033,5787,5010,340,3874,5774,286,307
Apr 2022 to Mar 2023 (Period 13),South Western Railway,7583,9303,5340,4395,4686,184,3208,953,426,264
Apr 2023 to Mar 2024 (Period 01),South Western Railway,17776,16171,5520,1936,5042,341,3390,442,274,570
Apr 2023 to Mar 2024 (Period 02),South Western Railway,9954,13234,9749,2890,3990,604,2494,654,313,442
Apr 2023 to Mar 2024 (Period 03),South Western Railway,12262,31619,2754,8461,5222,631,4622,2270,390,596
Apr 2023 to Mar 2024 (Period 04),South Western Railway,11770,17915,114,3295,4418,1277,3343,1255,649,636
Apr 2023 to Mar 2024 (Period 05),South Western Railway,4888,7849,1158,3548,3204,593,4334,940,402,545
Apr 2023 to Mar 2024 (Period 06),South Western Railway,4436,14849,684,5143,6105,471,4208,1469,422,804
Apr 2023 to Mar 2024 (Period 07),South Western Railway,13222,20109,636,7838,5058,825,7769,3473,367,482
Apr 2023 to Mar 2024 (Period 08),South Western Railway,20573,22549,12044,3350,6971,480,5176,2235,386,724
Apr 2023 to Mar 2024 (Period 09),South Western Railway,8880,28996,15734,11134,11367,1971,8888,2195,356,570
Apr 2023 to Mar 2024 (Period 10),South Western Railway,8169,12696,18518,4346,8166,667,4408,711,629,422
Apr 2023 to Mar 2024 (Period 11),South Western Railway,12271,19479,3622,7666,7260,349,5115,1117,597,658
Apr 2023 to Mar 2024 (Period 12),South Western Railway,12223,14676,2176,9234,9553,433,4006,891,284,266
Apr 2023 to Mar 2024 (Period 13),South Western Railway,12119,17593,2963,11605,5540,387,3179,666,244,388
Apr 2024 to Mar 2025 (Period 01),South Western Railway,6800,17556,1693,2199,3169,354,4891,631,162,284
Apr 2024 to Mar 2025 (Period 02),South Western Railway,20625,9220,2246,12470,4760,378,3239,873,245,324
Apr 2024 to Mar 2025 (Period 03),South Western Railway,17158,13447,1764,9618,10019,358,3542,990,250,302
Apr 2024 to Mar 2025 (Period 04),South Western Railway,8335,21489,882,9838,5195,814,3732,4106,393,652
Apr 2024 to Mar 2025 (Period 05),South Western Railway,20077,21410,4977,7926,4868,601,4689,806,528,1267
Apr 2024 to Mar 2025 (Period 06),South Western Railway,23907,11953,4455,6742,5342,739,5772,1095,670,617
Apr 2024 to Mar 2025 (Period 07),South Western Railway,9320,24592,9639,7008,6727,937,7023,2455,532,604
Apr 2024 to Mar 2025 (Period 08),South Western Railway,15136,21130,5145,4719,8595,1165,6653,1664,581,1239
Apr 2024 to Mar 2025 (Period 09),South Western Railway,18708,39946,35489,5315,12114,2212,12245,2980,1646,823
Apr 2024 to Mar 2025 (Period 10),South Western Railway,9968,16066,5753,4742,7384,1226,7760,915,531,755
Apr 2024 to Mar 2025 (Period 11),South Western Railway,8121,33141,4127,9047,6597,602,6598,896,390,935
Apr 2024 to Mar 2025 (Period 12),South Western Railway,7149,13895,3264,6520,4834,1114,6247,938,342,1037
Apr 2024 to Mar 2025 (Period 13),South Western Railway,10337,22543,137,5415,5552,386,5001,1433,260,375
Apr 2025 to Mar 2026 (Period 01),South Western Railway,12920,18307,83,2760,3652,458,4386,604,230,490
Apr 2022 to Mar 2023 (Period 01),Southeastern,13815,5694,55,1611,4699,1321,2091,151,120,442
Apr 2022 to Mar 2023 (Period 02),Southeastern,9262,7551,198,6069,3456,1065,2795,755,144,296
Apr 2022 to Mar 2023 (Period 03),Southeastern,6266,13705,66,1327,4023,2470,2669,962,135,563
Apr 2022 to Mar 2023 (Period 04),Southeastern,8523,17180,4032,10154,5972,2140,3813,457,491,812
Apr 2022 to Mar 2023 (Period 05),Southeastern,15406,19366,1338,5522,4240,2468,2795,1200,189,464
Apr 2022 to Mar 2023 (Period 06),Southeastern,6678,16363,3140,6306,5623,1778,3214,2586,234,781
Apr 2022 to Mar 2023 (Period 07),Southeastern,5717,4092,1788,3865,9475,1384,4074,728,199,483
Apr 2022 to Mar 2023 (Period 08),Southeastern,11940,10386,18796,7366,4981,3272,4450,309,267,544
Apr 2022 to Mar 2023 (Period 09),Southeastern,13762,13828,12548,14820,10485,2124,3478,1095,323,868
Apr 2022 to Mar 2023 (Period 10),Southeastern,2809,28783,13055,4580,8517,7477,2658,262,92,302
Apr 2022 to Mar 2023 (Period 11),Southeastern,6623,23150,1955,3992,9048,3376,3791,2685,288,730
Apr 2022 to Mar 2023 (Period 12),Southeastern,8521,23179,766,8574,8283,1807,4393,1048,285,581
Apr 2022 to Mar 2023 (Period 13),Southeastern,5053,10670,2834,4704,13553,1828,2390,716,148,376
Apr 2023 to Mar 2024 (Period 01),Southeastern,4579,9626,638,1842,4154,1190,3203,3830,246,816
Apr 2023 to Mar 2024 (Period 02),Southeastern,8390,7212,798,1371,3716,1282,4117,2960,168,511
Apr 2023 to Mar 2024 (Period 03),Southeastern,21818,9091,4396,4805,5166,995,3086,959,263,318
Apr 2023 to Mar 2024 (Period 04),Southeastern,7444,14629,1736,3320,4808,2426,3570,1330,279,410
Apr 2023 to Mar 2024 (Period 05),Southeastern,11427,11597,656,1890,7020,1917,3276,784,212,286
Apr 2023 to Mar 2024 (Period 06),Southeastern,17993,6316,363,5157,6317,1324,4492,546,224,363
Apr 2023 to Mar 2024 (Period 07),Southeastern,8185,10961,930,4801,10780,1665,4477,409,602,279
Apr 2023 to Mar 2024 (Period 08),Southeastern,10217,10476,18634,2295,8070,1344,3893,946,428,1604
Apr 2023 to Mar 2024 (Period 09),Southeastern,4272,8286,15900,3747,12918,2089,4849,710,329,494
Apr 2023 to Mar 2024 (Period 10),Southeastern,8277,21252,9360,1615,8121,4233,4636,2027,290,625
Apr 2023 to Mar 2024 (Period 11),Southeastern,3733,13374,8061,6173,10826,2831,4968,708,562,686
Apr 2023 to Mar 2024 (Period 12),Southeastern,14908,9370,1510,2612,6915,7078,4066,566,316,480
Apr 2023 to Mar 2024 (Period 13),Southeastern,5561,6786,3719,5696,5643,1941,4402,4037,3507,374
Apr 2024 to Mar 2025 (Period 01),Southeastern,13458,11242,4703,4069,6414,957,2760,395,170,419
Apr 2024 to Mar 2025 (Period 02),Southeastern,4432,9121,1976,2478,6707,1716,2874,1260,168,362
Apr 2024 to Mar 2025 (Period 03),Southeastern,8140,10528,37,3765,4828,1747,2794,983,196,713
Apr 2024 to Mar 2025 (Period 04),Southeastern,14170,13043,187,7044,9651,2613,3752,952,293,944
Apr 2024 to Mar 2025 (Period 05),Southeastern,11034,20349,968,5079,9427,1965,3038,448,279,690
Apr 2024 to Mar 2025 (Period 06),Southeastern,8604,17087,209,4672,10214,2279,3988,623,306,834
Apr 2024 to Mar 2025 (Period 07),Southeastern,15204,8246,7715,6643,9543,2982,5199,2262,398,1038
Apr 2024 to Mar 2025 (Period 08),Southeastern,6880,24420,10286,2701,11727,2271,5214,926,536,1022
Apr 2024 to Mar 2025 (Period 09),Southeastern,5664,20321,19404,7107,12960,4927,5563,720,713,1412
Apr 2024 to Mar 2025 (Period 10),Southeastern,13376,17318,3707,8331,5571,3698,5070,611,205,360
Apr 2024 to Mar 2025 (Period 11),Southeastern,8261,15606,2047,10579,13275,2275,7559,564,592,1044
Apr 2024 to Mar 2025 (Period 12),Southeastern,9364,11383,4816,3773,11594,2752,4589,530,203,1016
Apr 2024 to Mar 2025 (Period 13),Southeastern,17949,14133,24,5387,12522,2702,4324,1777,317,1077
Apr 2025 to Mar 2026 (Period 01),Southeastern,6396,9838,18,5259,8000,1624,2755,1617,429,599
Apr 2022 to Mar 2023 (Period 01),TfW Rail,6550,4812,2662,1872,10545,2097,6309,1649,288,871
Apr 2022 to Mar 2023 (Period 02),TfW Rail,4486,3353,1213,1721,10034,1320,4566,1684,379,939
Apr 2022 to Mar 2023 (Period 03),TfW Rail,3699,5158,1620,1656,13496,1691,6768,1318,388,881
Apr 2022 to Mar 2023 (Period 04),TfW Rail,8599,6457,1636,3640,13038,1508,6977,1475,767,1550
Apr 2022 to Mar 2023 (Period 05),TfW Rail,5703,9890,1485,3639,17565,2208,7565,2624,609,1309
Apr 2022 to Mar 2023 (Period 06),TfW Rail,5774,5423,1062,4243,14082,2440,9084,1793,476,2010
Apr 2022 to Mar 2023 (Period 07),TfW Rail,5887,8143,1811,4013,11884,1671,5034,1590,372,897
Apr 2022 to Mar 2023 (Period 08),TfW Rail,6478,4875,7377,2134,14971,4600,6860,1860,505,2304
Apr 2022 to Mar 2023 (Period 09),TfW Rail,5149,12383,4325,3151,16098,5647,11318,2990,596,1649
Apr 2022 to Mar 2023 (Period 10),TfW Rail,2415,7703,2310,1035,10179,5216,7778,2625,502,750
Apr 2022 to Mar 2023 (Period 11),TfW Rail,7818,10608,9396,1530,18932,4345,11392,1855,332,1342
Apr 2022 to Mar 2023 (Period 12),TfW Rail,7366,6892,1598,2387,22016,5669,12939,2159,290,1113
Apr 2022 to Mar 2023 (Period 13),TfW Rail,3777,8426,4588,2094,20273,3574,8480,1349,845,1105
Apr 2023 to Mar 2024 (Period 01),TfW Rail,9393,4432,3649,1481,21304,1677,8308,1267,336,1293
Apr 2023 to Mar 2024 (Period 02),TfW Rail,13549,8990,3142,3270,21849,2343,8888,2706,394,816
Apr 2023 to Mar 2024 (Period 03),TfW Rail,8506,10514,4342,3474,29992,2239,10576,4240,471,1150
Apr 2023 to Mar 2024 (Period 04),TfW Rail,9858,15330,3030,2027,21836,2450,13373,2156,384,982
Apr 2023 to Mar 2024 (Period 05),TfW Rail,7684,6186,1018,2385,25160,1482,11078,2916,791,2158
Apr 2023 to Mar 2024 (Period 06),TfW Rail,7089,9742,520,5920,20319,2949,10344,3025,569,1050
Apr 2023 to Mar 2024 (Period 07),TfW Rail,4605,10277,5504,1833,18761,1761,10596,3642,786,1591
Apr 2023 to Mar 2024 (Period 08),TfW Rail,6608,15618,9105,1983,20473,2759,13750,2198,586,2002
Apr 2023 to Mar 2024 (Period 09),TfW Rail,6259,15526,10219,2567,25998,4219,13910,4259,466,2537
Apr 2023 to Mar 2024 (Period 10),TfW Rail,4979,8637,11040,2007,17991,1258,12338,3375,440,1650
Apr 2023 to Mar 2024 (Period 11),TfW Rail,7058,10417,1973,3260,16814,1043,7641,2670,627,1167
Apr 2023 to Mar 2024 (Period 12),TfW Rail,3984,6727,4914,1951,15987,964,6824,2666,439,1317
Apr 2023 to Mar 2024 (Period 13),TfW Rail,5274,4659,2189,2550,14855,2052,9061,1970,640,1434
Apr 2024 to Mar 2025 (Period 01),TfW Rail,9141,8378,4214,1286,15613,970,9259,1820,371,884
Apr 2024 to Mar 2025 (Period 02),TfW Rail,7232,11760,4287,1947,18993,982,7247,3313,437,1142
Apr 2024 to Mar 2025 (Period 03),TfW Rail,6771,10704,952,2385,15829,1463,8556,3418,494,1340
Apr 2024 to Mar 2025 (Period 04),TfW Rail,12082,8780,834,2407,19140,1778,7588,3134,335,1777
Apr 2024 to Mar 2025 (Period 05),TfW Rail,9719,8702,550,2394,19720,1038,8816,2854,377,1296
Apr 2024 to Mar 2025 (Period 06),TfW Rail,11070,12350,3246,1861,20581,3185,7757,2191,437,1433
Apr 2024 to Mar 2025 (Period 07),TfW Rail,9923,6975,6494,2266,19012,2252,6493,3748,398,1895
Apr 2024 to Mar 2025 (Period 08),TfW Rail,6197,9547,14952,2803,17088,2940,19464,4754,486,1806
Apr 2024 to Mar 2025 (Period 09),TfW Rail,7614,12202,11786,2917,22761,2415,9964,2337,515,2092
Apr 2024 to Mar 2025 (Period 10),TfW Rail,5361,11921,4581,1619,19029,1898,7985,2460,506,1402
Apr 2024 to Mar 2025 (Period 11),TfW Rail,7400,8259,11670,2008,19386,1226,6586,4882,463,738
Apr 2024 to Mar 2025 (Period 12),TfW Rail,7064,7266,1896,2173,14386,1315,5965,2676,374,1201
Apr 2024 to Mar 2025 (Period 13),TfW Rail,11484,8011,467,943,16638,2530,8530,2192,412,1046
Apr 2025 to Mar 2026 (Period 01),TfW Rail,7093,7410,543,1371,12820,1400,5770,2528,469,1264
Apr 2022 to Mar 2023 (Period 01),TransPennine Express,3791,2433,77,1714,2822,460,4040,1529,457,962
Apr 2022 to Mar 2023 (Period 02),TransPennine Express,3710,2244,55,1507,1712,156,4768,2234,484,1213
Apr 2022 to Mar 2023 (Period 03),TransPennine Express,3262,2356,775,302,1610,304,5346,2145,324,920
Apr 2022 to Mar 2023 (Period 04),TransPennine Express,6009,5789,4206,2175,3430,196,6158,2081,539,1127
Apr 2022 to Mar 2023 (Period 05),TransPennine Express,3152,3407,542,1372,1931,260,5324,2394,482,970
Apr 2022 to Mar 2023 (Period 06),TransPennine Express,4562,2285,1293,1806,1870,242,5694,2044,687,1374
Apr 2022 to Mar 2023 (Period 07),TransPennine Express,3135,2138,2856,2704,1538,289,4685,3609,548,975
Apr 2022 to Mar 2023 (Period 08),TransPennine Express,4649,2912,2670,2252,1832,484,5877,2100,693,1402
Apr 2022 to Mar 2023 (Period 09),TransPennine Express,3407,3755,2736,2697,3217,332,6244,2549,617,1466
Apr 2022 to Mar 2023 (Period 10),TransPennine Express,779,1120,2381,908,1966,184,4769,1329,698,942
Apr 2022 to Mar 2023 (Period 11),TransPennine Express,1854,4795,3861,2969,3794,584,8034,4426,1102,1670
Apr 2022 to Mar 2023 (Period 12),TransPennine Express,2780,3645,3173,3958,2368,320,6742,3120,951,1729
Apr 2022 to Mar 2023 (Period 13),TransPennine Express,4807,3235,1877,2110,1957,477,7099,2532,1021,1544
Apr 2023 to Mar 2024 (Period 01),TransPennine Express,5613,7151,692,2845,2810,351,5819,3370,634,1650
Apr 2023 to Mar 2024 (Period 02),TransPennine Express,3093,6573,325,3476,3976,298,7960,4710,580,1324
Apr 2023 to Mar 2024 (Period 03),TransPennine Express,3976,5256,1744,2273,3828,960,6080,3135,554,1207
Apr 2023 to Mar 2024 (Period 04),TransPennine Express,5516,8406,1324,4911,2565,512,4966,4430,794,2150
Apr 2023 to Mar 2024 (Period 05),TransPennine Express,5705,6317,1241,1837,4889,526,5854,5435,849,2052
Apr 2023 to Mar 2024 (Period 06),TransPennine Express,4468,6077,1019,2836,4437,362,3441,3810,877,1902
Apr 2023 to Mar 2024 (Period 07),TransPennine Express,6375,6915,3075,2183,3711,341,4392,4419,1322,2936
Apr 2023 to Mar 2024 (Period 08),TransPennine Express,4239,8260,13680,2220,3680,492,4682,5934,1313,2890
Apr 2023 to Mar 2024 (Period 09),TransPennine Express,4498,7536,12432,6607,4900,771,6883,7062,1697,3655
Apr 2023 to Mar 2024 (Period 10),TransPennine Express,4011,5147,7162,1403,3296,456,4140,5236,1514,2502
Apr 2023 to Mar 2024 (Period 11),TransPennine Express,5953,9228,3435,5890,2930,229,2358,4466,770,1642
Apr 2023 to Mar 2024 (Period 12),TransPennine Express,3611,5390,1523,3374,2170,336,3321,3112,794,2020
Apr 2023 to Mar 2024 (Period 13),TransPennine Express,3755,5605,1777,4450,1802,305,2862,3240,1048,2483
Apr 2024 to Mar 2025 (Period 01),TransPennine Express,5027,4642,3552,6822,2572,472,2670,2358,611,1332
Apr 2024 to Mar 2025 (Period 02),TransPennine Express,5220,8015,1881,2277,2961,225,3000,2863,736,1642
Apr 2024 to Mar 2025 (Period 03),TransPennine Express,6012,5823,1380,3454,2356,328,2124,3535,790,3428
Apr 2024 to Mar 2025 (Period 04),TransPennine Express,6839,6745,1694,1751,4310,177,2997,3625,884,3168
Apr 2024 to Mar 2025 (Period 05),TransPennine Express,9639,7317,2053,3562,2540,312,2508,4032,720,2208
Apr 2024 to Mar 2025 (Period 06),TransPennine Express,10569,7570,2656,3042,2901,193,2122,7827,913,2838
Apr 2024 to Mar 2025 (Period 07),TransPennine Express,8091,7519,2685,3434,4426,350,3123,5614,1153,4318
Apr 2024 to Mar 2025 (Period 08),TransPennine Express,7670,8673,4758,2523,2422,410,2655,4755,1254,3928
Apr 2024 to Mar 2025 (Period 09),TransPennine Express,8919,7885,7960,4350,2863,366,3728,5433,1098,2792
Apr 2024 to Mar 2025 (Period 10),TransPennine Express,8277,5178,5067,5540,3890,144,4869,5300,1798,2355
Apr 2024 to Mar 2025 (Period 11),TransPennine Express,8218,9726,9803,2613,6296,374,3112,6913,1281,2306
Apr 2024 to Mar 2025 (Period 12),TransPennine Express,7532,7825,3196,4489,2904,206,3291,8154,1483,2568
Apr 2024 to Mar 2025 (Period 13),TransPennine Express,4400,6447,553,5084,2642,310,2184,4371,877,1891
Apr 2025 to Mar 2026 (Period 01),TransPennine Express,7415,6465,536,3856,5556,358,2453,6793,1228,2388
Apr 2022 to Mar 2023 (Period 01),Vintage Trains,0,14,0,3,0,15,0,0,0,0
Apr 2022 to Mar 2023 (Period 02),Vintage Trains,0,0,0,4,0,0,0,9,0,0
Apr 2022 to Mar 2023 (Period 03),Vintage Trains,58,26,0,5,18,9,0,0,2,9
Apr 2022 to Mar 2023 (Period 04),Vintage Trains,0,0,10,10,137,7,0,0,0,8
Apr 2022 to Mar 2023 (Period 05),Vintage Trains,14,0,0,5,21,0,0,4,0,9
Apr 2022 to Mar 2023 (Period 06),Vintage Trains,4,0,0,13,0,3,0,0,0,15
Apr 2022 to Mar 2023 (Period 08),Vintage Trains,0,0,0,3,0,3,0,0,0,0
Apr 2022 to Mar 2023 (Period 09),Vintage Trains,11,155,2,7,22,177,3,39,5,35
Apr 2022 to Mar 2023 (Period 10),Vintage Trains,6,159,0,0,5,145,0,0,0,15
Apr 2022 to Mar 2023 (Period 12),Vintage Trains,0,0,3,0,0,0,0,0,0,0
Apr 2022 to Mar 2023 (Period 13),Vintage Trains,0,3,0,2,0,2,0,4,0,0
Apr 2023 to Mar 2024 (Period 01),Vintage Trains,15,0,0,0,9,22,0,0,0,0
Apr 2023 to Mar 2024 (Period 03),Vintage Trains,12,0,15,3,0,12,0,21,0,0
Apr 2023 to Mar 2024 (Period 04),Vintage Trains,0,0,0,1,0,20,0,3,0,14
Apr 2023 to Mar 2024 (Period 05),Vintage Trains,6,0,0,1,0,4,0,0,0,9
Apr 2023 to Mar 2024 (Period 06),Vintage Trains,0,0,2,3,0,0,0,0,0,0
Apr 2023 to Mar 2024 (Period 07),Vintage Trains,0,19,17,0,36,14,0,0,0,0
Apr 2023 to Mar 2024 (Period 08),Vintage Trains,0,0,14,2,0,9,0,0,0,0
Apr 2023 to Mar 2024 (Period 09),Vintage Trains,0,3,3,19,0,87,0,18,0,7
Apr 2023 to Mar 2024 (Period 10),Vintage Trains,12,14,2,12,0,91,0,0,0,11
Apr 2023 to Mar 2024 (Period 12),Vintage Trains,0,0,0,0,0,7,0,16,0,0
Apr 2023 to Mar 2024 (Period 13),Vintage Trains,0,0,0,0,0,30,0,0,0,0
Apr 2024 to Mar 2025 (Period 02),Vintage Trains,0,0,0,14,28,18,0,4,0,0
Apr 2024 to Mar 2025 (Period 03),Vintage Trains,0,21,1,0,0,47,4,12,4,0
Apr 2024 to Mar 2025 (Period 04),Vintage Trains,0,10,0,4,0,17,0,11,0,0
Apr 2024 to Mar 2025 (Period 05),Vintage Trains,0,0,0,0,3,0,0,0,0,0
Apr 2024 to Mar 2025 (Period 07),Vintage Trains,10,27,17,0,31,11,12,0,0,6
Apr 2024 to Mar 2025 (Period 08),Vintage Trains,0,9,0,0,0,0,0,0,0,0
Apr 2024 to Mar 2025 (Period 09),Vintage Trains,13,33,51,16,27,40,0,42,0,3
Apr 2024 to Mar 2025 (Period 10),Vintage Trains,0,0,4,6,0,46,0,24,0,4
Apr 2024 to Mar 2025 (Period 13),Vintage Trains,0,0,0,5,67,16,0,0,0,7
Apr 2025 to Mar 2026 (Period 01),Vintage Trains,0,0,0,0,0,0,0,0,0,0
Apr 2022 to Mar 2023 (Period 01),West Midlands Trains,10464,11524,682,5311,3764,110,6432,2492,762,1162
Apr 2022 to Mar 2023 (Period 02),West Midlands Trains,9497,8000,2002,5161,4742,272,6229,2310,877,1556
Apr 2022 to Mar 2023 (Period 03),West Midlands Trains,4452,11100,3123,3899,5164,846,6864,5337,737,1664
Apr 2022 to Mar 2023 (Period 04),West Midlands Trains,5890,16934,5862,8456,5537,801,9758,4262,824,2632
Apr 2022 to Mar 2023 (Period 05),West Midlands Trains,13204,11346,3861,8355,6963,933,7290,3960,1072,3073
Apr 2022 to Mar 2023 (Period 06),West Midlands Trains,8710,12789,2932,9752,4255,281,9266,3293,1217,2955
Apr 2022 to Mar 2023 (Period 07),West Midlands Trains,9099,6872,2318,7364,4234,413,5959,2670,1271,1727
Apr 2022 to Mar 2023 (Period 08),West Midlands Trains,11872,11318,5464,9145,4085,993,9252,5661,1593,3517
Apr 2022 to Mar 2023 (Period 09),West Midlands Trains,7501,9357,4849,12721,8360,351,8430,3462,1166,3156
Apr 2022 to Mar 2023 (Period 10),West Midlands Trains,4912,9618,1796,6049,4777,1102,5048,2142,806,1820
Apr 2022 to Mar 2023 (Period 11),West Midlands Trains,7758,13997,4805,5072,8241,280,5253,4394,1060,2758
Apr 2022 to Mar 2023 (Period 12),West Midlands Trains,7918,5396,1994,5246,8537,316,6479,4079,948,1676
Apr 2022 to Mar 2023 (Period 13),West Midlands Trains,7462,7312,2132,2851,5276,571,5298,2850,1130,1946
Apr 2023 to Mar 2024 (Period 01),West Midlands Trains,9543,7540,3523,4931,5094,672,5872,3248,968,1863
Apr 2023 to Mar 2024 (Period 02),West Midlands Trains,8030,6404,1657,4891,5061,314,5947,2996,745,1362
Apr 2023 to Mar 2024 (Period 03),West Midlands Trains,11008,16196,9820,4652,5643,258,7202,6332,1132,2276
Apr 2023 to Mar 2024 (Period 04),West Midlands Trains,8083,13165,1820,4990,6120,317,5906,3717,1495,3680
Apr 2023 to Mar 2024 (Period 05),West Midlands Trains,7696,6258,1635,3129,4058,563,9058,5360,1207,2872
Apr 2023 to Mar 2024 (Period 06),West Midlands Trains,7332,9493,1311,4920,6356,182,5790,4469,1240,2735
Apr 2023 to Mar 2024 (Period 07),West Midlands Trains,7918,7172,1617,4312,5693,774,6210,4704,1132,2483
Apr 2023 to Mar 2024 (Period 08),West Midlands Trains,9924,11303,7272,6798,7433,592,6212,5129,1184,2546
Apr 2023 to Mar 2024 (Period 09),West Midlands Trains,6853,20097,6432,4051,7366,390,10744,4540,1216,3302
Apr 2023 to Mar 2024 (Period 10),West Midlands Trains,10184,8434,10938,3607,4744,210,6188,3606,1203,2991
Apr 2023 to Mar 2024 (Period 11),West Midlands Trains,5564,10312,3928,4776,5793,158,5558,4700,1185,1887
Apr 2023 to Mar 2024 (Period 12),West Midlands Trains,6640,9026,7534,4318,5403,191,5955,3678,883,2376
Apr 2023 to Mar 2024 (Period 13),West Midlands Trains,7672,8739,2838,2822,6448,240,5493,3387,804,2162
Apr 2024 to Mar 2025 (Period 01),West Midlands Trains,9916,13082,1036,4695,3405,282,5572,3253,472,1410
Apr 2024 to Mar 2025 (Period 02),West Midlands Trains,16685,8926,1554,4592,6223,248,7268,4214,526,1491
Apr 2024 to Mar 2025 (Period 03),West Midlands Trains,12070,10549,658,4458,6542,632,7998,5220,763,2313
Apr 2024 to Mar 2025 (Period 04),West Midlands Trains,5902,13062,1372,5512,7004,680,8444,8574,599,2465
Apr 2024 to Mar 2025 (Period 05),West Midlands Trains,12282,13654,842,3430,8426,913,6699,4428,754,1862
Apr 2024 to Mar 2025 (Period 06),West Midlands Trains,8704,10430,1005,2585,6660,897,7972,4158,1185,1772
Apr 2024 to Mar 2025 (Period 07),West Midlands Trains,10015,8649,4663,2160,6617,832,8641,5428,1110,1746
Apr 2024 to Mar 2025 (Period 08),West Midlands Trains,6958,9286,7014,5782,6905,433,7720,5338,1116,2314
Apr 2024 to Mar 2025 (Period 09),West Midlands Trains,12856,16223,15123,6348,7227,3179,8772,5480,996,2554
Apr 2024 to Mar 2025 (Period 10),West Midlands Trains,5974,9584,5369,5195,6772,55,6612,4398,865,1952
Apr 2024 to Mar 2025 (Period 11),West Midlands Trains,8258,8416,5924,4400,8314,203,4492,6367,683,1318
Apr 2024 to Mar 2025 (Period 12),West Midlands Trains,6241,11950,1702,5435,6482,84,4674,4492,842,1467
Apr 2024 to Mar 2025 (Period 13),West Midlands Trains,8932,9233,206,6365,6128,167,4570,4246,803,2477
Apr 2025 to Mar 2026 (Period 01),West Midlands Trains,10723,8121,123,3894,5648,302,4440,3856,599,1812
Apr 2022 to Mar 2023 (Period 01),c2c,1891,348,161,519,816,21,444,97,40,194
Apr 2022 to Mar 2023 (Period 02),c2c,499,251,10,2088,566,24,196,81,17,56
Apr 2022 to Mar 2023 (Period 03),c2c,1558,626,33,176,1744,113,667,66,25,207
Apr 2022 to Mar 2023 (Period 04),c2c,1361,1202,2146,261,923,20,512,21,27,31
Apr 2022 to Mar 2023 (Period 05),c2c,872,1302,3898,3663,593,60,536,125,26,36
Apr 2022 to Mar 2023 (Period 06),c2c,305,1203,1667,3002,628,31,874,32,110,28
Apr 2022 to Mar 2023 (Period 07),c2c,328,837,31,392,410,126,331,18,44,27
Apr 2022 to Mar 2023 (Period 08),c2c,1634,105,316,809,266,74,554,46,30,52
Apr 2022 to Mar 2023 (Period 09),c2c,2571,1222,107,1105,350,175,215,120,51,116
Apr 2022 to Mar 2023 (Period 10),c2c,132,1120,49,479,366,55,284,36,26,211
Apr 2022 to Mar 2023 (Period 11),c2c,379,394,23,470,297,86,318,65,38,39
Apr 2022 to Mar 2023 (Period 12),c2c,2129,350,36,1214,132,127,344,20,45,68
Apr 2022 to Mar 2023 (Period 13),c2c,3366,357,109,270,244,98,204,21,58,11
Apr 2023 to Mar 2024 (Period 01),c2c,709,788,9,161,260,52,185,63,76,49
Apr 2023 to Mar 2024 (Period 02),c2c,1979,653,0,192,316,25,569,34,52,231
Apr 2023 to Mar 2024 (Period 03),c2c,1087,2612,150,3396,444,17,295,149,62,181
Apr 2023 to Mar 2024 (Period 04),c2c,1181,653,0,1065,773,22,434,42,62,57
Apr 2023 to Mar 2024 (Period 05),c2c,509,288,3,322,203,13,266,92,22,133
Apr 2023 to Mar 2024 (Period 06),c2c,2160,466,5,235,386,18,245,322,140,208
Apr 2023 to Mar 2024 (Period 07),c2c,2546,320,7,498,652,83,300,75,96,44
Apr 2023 to Mar 2024 (Period 08),c2c,437,352,16,865,1931,18,437,25,90,48
Apr 2023 to Mar 2024 (Period 09),c2c,818,468,56,525,614,30,523,73,78,133
Apr 2023 to Mar 2024 (Period 10),c2c,383,215,1040,539,420,78,1132,97,56,102
Apr 2023 to Mar 2024 (Period 11),c2c,313,1176,744,520,1265,17,450,22,34,13
Apr 2023 to Mar 2024 (Period 12),c2c,1018,127,51,12,1005,54,177,75,59,14
Apr 2023 to Mar 2024 (Period 13),c2c,638,689,44,72,884,36,358,8,36,8
Apr 2024 to Mar 2025 (Period 01),c2c,129,189,4189,262,1119,90,382,48,46,27
Apr 2024 to Mar 2025 (Period 02),c2c,215,631,30,1046,556,13,166,87,38,3
Apr 2024 to Mar 2025 (Period 03),c2c,575,938,27,292,1301,59,1186,72,42,34
Apr 2024 to Mar 2025 (Period 04),c2c,793,3482,3,329,1671,67,315,90,46,22
Apr 2024 to Mar 2025 (Period 05),c2c,1648,438,0,528,1712,72,470,56,71,35
Apr 2024 to Mar 2025 (Period 06),c2c,334,472,12,359,1017,221,597,50,48,33
Apr 2024 to Mar 2025 (Period 07),c2c,1246,1026,18,488,893,57,304,285,55,157
Apr 2024 to Mar 2025 (Period 08),c2c,617,1396,1166,146,1963,25,520,81,33,56
Apr 2024 to Mar 2025 (Period 09),c2c,125,619,421,214,1055,6,535,78,29,41
Apr 2024 to Mar 2025 (Period 10),c2c,526,1568,58,367,879,73,438,10,18,14
Apr 2024 to Mar 2025 (Period 11),c2c,1931,647,5,174,2542,135,824,46,40,61
Apr 2024 to Mar 2025 (Period 12),c2c,3059,178,5,149,531,207,501,33,114,12
Apr 2024 to Mar 2025 (Period 13),c2c,985,2356,48,654,1049,132,501,30,70,28
Apr 2025 to Mar 2026 (Period 01),c2c,982,1242,9,430,1045,136,235,158,59,86
