operator,financial_period,number_of_stops,on_time_percentage
Great Britain,2022-23 Period 01,"6,129,910",74.1
,2022-23 Period 02,"5,888,788",72.8
,2022-23 Period 02,"5,201,221",71.4
,2022-23 Period 03,"5,745,578",68.3
,2022-23 Period 04,"5,219,565",66.5
,2022-23 Period 05,"6,096,185",68.2
,2022-23 Period 06,"5,543,220",68.1
,2022-23 Period 07,"5,642,141",60.7
,2022-23 Period 08,"5,969,288",60.1
,2022-23 Period 09,"3,161,590",64.2
,2022-23 Period 10,"5,873,704",65.3
,2022-23 Period 11,"6,132,696",69.1
,2022-23 Period 12,"5,687,342",70.8
,2022-23 Period 13,"6,374,920",72.4
,2023-24 Period 01,"5,921,045",71.7
,2023-24 Period 02,"5,859,452",68.1
,2023-24 Period 03,"5,908,226",69.8
,2023-24 Period 04,"5,900,672",70.5
,2023-24 Period 05,"5,920,815",69.0
,2023-24 Period 06,"5,908,944",66.2
,2023-24 Period 07,"6,221,518",62.2
,2023-24 Period 08,"5,948,995",58.3
,2023-24 Period 09,"5,596,413",64.6
,2023-24 Period 10,"6,034,038",66.7
,2023-24 Period 11,"6,202,197",68.3
,2023-24 Period 12,"6,485,385",70.4
,2023-24 Period 13,"6,018,306",71.0
,2024-25 Period 01,"6,206,990",70.3
,2024-25 Period 02,"6,463,165",69.7
,2024-25 Period 03,"6,415,398",68.0
,2024-25 Period 04,"6,353,550",67.8
,2024-25 Period 05,"6,318,206",68.6
,2024-25 Period 06,"6,308,039",65.3
,2024-25 Period 07,"6,420,009",62.5
,2024-25 Period 08,"6,373,156",57.7
,2024-25 Period 09,"5,686,408",65.6
,2024-25 Period 10,"6,403,936",65.8
,2024-25 Period 11,"6,569,875",68.1
,2024-25 Period 12,"7,012,797",70.5
,2024-25 Period 13,"6,129,910",74.1
Avanti West Coast,2022-23 Period 01,"43,548",47.6
,2022-23 Period 02,"43,548",48.6
,2022-23 Period 02,"43,548",44.9
,2022-23 Period 03,"40,252",36.4
,2022-23 Period 04,"34,624",34.3
,2022-23 Period 05,"38,309",44.1
,2022-23 Period 06,"35,396",40.9
,2022-23 Period 07,"35,525",33.3
,2022-23 Period 08,"37,186",32
,2022-23 Period 09,"24,907",32.1
,2022-23 Period 10,"44,067",35.2
,2022-23 Period 11,"50,705",43.5
,2022-23 Period 12,"43,208",49.9
,2022-23 Period 13,"47,070",51.8
,2023-24 Period 01,"46,686",46.9
,2023-24 Period 02,"44,498",39
,2023-24 Period 03,"46,122",46.5
,2023-24 Period 04,"47,700",48
,2023-24 Period 05,"44,144",47.4
,2023-24 Period 06,"45,575",40
,2023-24 Period 07,"48,404",37.3
,2023-24 Period 08,"46,578",34.6
,2023-24 Period 09,"39,783",38.9
,2023-24 Period 10,"46,764",43.2
,2023-24 Period 11,"49,875",43.3
,2023-24 Period 12,"49,659",47.8
,2023-24 Period 13,"45,135",44.5
,2024-25 Period 01,"44,717",42.2
,2024-25 Period 02,"48,318",37.9
,2024-25 Period 03,"51,644",38.5
,2024-25 Period 04,"51,853",41.4
,2024-25 Period 05,"50,365",42.8
,2024-25 Period 06,"49,706",40.9
,2024-25 Period 07,"52,002",39.2
,2024-25 Period 08,"50,936",30.9
,2024-25 Period 09,"39,656",33.6
,2024-25 Period 10,"49,745",36.6
,2024-25 Period 11,"52,134",42.2
,2024-25 Period 12,"57,873",46.1
,2024-25 Period 13,"43,548",47.6
c2c,2022-23 Period 01,"113,260",85.1
,2022-23 Period 02,"105,522",78.2
,2022-23 Period 03,"99,385",82.1
,2022-23 Period 04,"109,602",78.2
,2022-23 Period 05,"106,032",70.9
,2022-23 Period 06,"111,471",70.3
,2022-23 Period 07,"100,935",78.8
,2022-23 Period 08,"97,870",72.2
,2022-23 Period 09,"109,867",72
,2022-23 Period 10,"69,384",77.6
,2022-23 Period 11,"110,415",83.9
,2022-23 Period 12,"110,594",80.8
,2022-23 Period 13,"108,120",81.4
,2023-24 Period 01,"112,261",84.8
,2023-24 Period 02,"106,573",81
,2023-24 Period 03,"109,597",74.6
,2023-24 Period 04,"113,811",81.1
,2023-24 Period 05,"113,459",82.6
,2023-24 Period 06,"105,521",79.3
,2023-24 Period 07,"101,276",78.7
,2023-24 Period 08,"106,533",76.2
,2023-24 Period 09,"101,151",75.2
,2023-24 Period 10,"102,554",76.3
,2023-24 Period 11,"104,238",79.5
,2023-24 Period 12,"112,262",82.8
,2023-24 Period 13,"112,584",82.6
,2024-25 Period 01,"100,164",80
,2024-25 Period 02,"102,340",81.9
,2024-25 Period 03,"118,707",82.2
,2024-25 Period 04,"122,597",81.3
,2024-25 Period 05,"124,127",76.8
,2024-25 Period 06,"119,945",81.6
,2024-25 Period 07,"123,929",80.6
,2024-25 Period 08,"121,745",76.8
,2024-25 Period 09,"113,216",76.4
,2024-25 Period 10,"110,383",79.9
,2024-25 Period 11,"124,314",77.6
,2024-25 Period 12,"118,801",79.5
,2024-25 Period 13,"129,492",80
Caledonian Sleeper,2022-23 Period 01,"1,358",76.1
,2022-23 Period 02,"1,356",73
,2022-23 Period 03,"1,068",73.6
,2022-23 Period 04,"1,316",66.9
,2022-23 Period 05,"1,122",67.3
,2022-23 Period 06,"1,375",68
,2022-23 Period 07,"1,335",67.6
,2022-23 Period 08,"1,310",58.8
,2022-23 Period 09,"1,388",60.1
,2022-23 Period 10,683,56.7
,2022-23 Period 11,"1,362",72
,2022-23 Period 12,"1,308",73.2
,2022-23 Period 13,"1,093",66.8
,2023-24 Period 01,"1,149",68.8
,2023-24 Period 02,"1,125",68
,2023-24 Period 03,"1,291",72.6
,2023-24 Period 04,"1,396",81.6
,2023-24 Period 05,"1,377",77.1
,2023-24 Period 06,"1,363",78.4
,2023-24 Period 07,"1,254",61.6
,2023-24 Period 08,"1,222",52.5
,2023-24 Period 09,"1,329",60.7
,2023-24 Period 10,991,65.5
,2023-24 Period 11,"1,164",70.3
,2023-24 Period 12,"1,247",65.6
,2023-24 Period 13,"1,317",73
,2024-25 Period 01,"1,263",75.4
,2024-25 Period 02,"1,230",77.5
,2024-25 Period 03,"1,305",70.5
,2024-25 Period 04,"1,395",82.5
,2024-25 Period 05,"1,384",80.3
,2024-25 Period 06,"1,390",77.9
,2024-25 Period 07,"1,396",66.8
,2024-25 Period 08,"1,317",62.4
,2024-25 Period 09,"1,264",61.2
,2024-25 Period 10,"1,041",57.5
,2024-25 Period 11,964,63.6
,2024-25 Period 12,"1,252",62.4
,2024-25 Period 13,"1,394",63.6
Chiltern Railways,2022-23 Period 01,"79,668",78.4
,2022-23 Period 02,"76,110",77.1
,2022-23 Period 03,"63,935",74.6
,2022-23 Period 04,"74,215",68.2
,2022-23 Period 05,"68,008",64.8
,2022-23 Period 06,"73,221",68.3
,2022-23 Period 07,"67,939",69.7
,2022-23 Period 08,"69,735",64.9
,2022-23 Period 09,"74,131",66.4
,2022-23 Period 10,"20,863",83.8
,2022-23 Period 11,"67,276",70
,2022-23 Period 12,"74,008",76.3
,2022-23 Period 13,"66,198",75.7
,2023-24 Period 01,"74,405",67.8
,2023-24 Period 02,"61,263",75.8
,2023-24 Period 03,"67,481",78.5
,2023-24 Period 04,"62,563",82.1
,2023-24 Period 05,"55,267",83.9
,2023-24 Period 06,"65,433",80.7
,2023-24 Period 07,"61,959",79.6
,2023-24 Period 08,"72,677",77.5
,2023-24 Period 09,"65,718",71.1
,2023-24 Period 10,"65,351",79.5
,2023-24 Period 11,"65,124",77.4
,2023-24 Period 12,"67,199",78.5
,2023-24 Period 13,"74,236",81.9
,2024-25 Period 01,"65,189",84.5
,2024-25 Period 02,"66,219",82.3
,2024-25 Period 03,"74,073",81.8
,2024-25 Period 04,"74,828",74
,2024-25 Period 05,"71,378",76
,2024-25 Period 06,"73,790",80.1
,2024-25 Period 07,"69,638",72.9
,2024-25 Period 08,"72,350",75.3
,2024-25 Period 09,"74,110",71.2
,2024-25 Period 10,"62,216",79.1
,2024-25 Period 11,"74,304",82.1
,2024-25 Period 12,"72,466",83.5
,2024-25 Period 13,"76,887",83
CrossCountry,2022-23 Period 01,"64,980",61.9
,2022-23 Period 02,"64,993",60.8
,2022-23 Period 03,"61,793",55.4
,2022-23 Period 04,"63,234",44.4
,2022-23 Period 05,"56,707",41.6
,2022-23 Period 06,"67,929",51
,2022-23 Period 07,"62,547",50.7
,2022-23 Period 08,"60,336",40.8
,2022-23 Period 09,"63,056",40.1
,2022-23 Period 10,"35,140",47.4
,2022-23 Period 11,"64,086",48.9
,2022-23 Period 12,"67,208",53.5
,2022-23 Period 13,"61,640",53.2
,2023-24 Period 01,"68,091",52.6
,2023-24 Period 02,"63,520",52
,2023-24 Period 03,"64,898",44.9
,2023-24 Period 04,"68,900",47.8
,2023-24 Period 05,"69,188",51.4
,2023-24 Period 06,"69,248",48.6
,2023-24 Period 07,"67,259",45.5
,2023-24 Period 08,"70,657",38.6
,2023-24 Period 09,"67,630",37.5
,2023-24 Period 10,"65,174",43.2
,2023-24 Period 11,"73,360",48.5
,2023-24 Period 12,"71,084",50.1
,2023-24 Period 13,"77,349",52.5
,2024-25 Period 01,"69,619",50.6
,2024-25 Period 02,"72,701",52.2
,2024-25 Period 03,"78,534",52.2
,2024-25 Period 04,"77,044",47.5
,2024-25 Period 05,"73,560",46.6
,2024-25 Period 06,"70,419",48
,2024-25 Period 07,"70,418",41.8
,2024-25 Period 08,"70,324",41.8
,2024-25 Period 09,"74,641",35.8
,2024-25 Period 10,"66,142",46.9
,2024-25 Period 11,"78,159",50
,2024-25 Period 12,"79,746",54.8
,2024-25 Period 13,"83,886",56.1
East Midlands Railway,2022-23 Period 01,"110,151",58.5
,2022-23 Period 02,"102,431",57.7
,2022-23 Period 03,"94,437",58.6
,2022-23 Period 04,"96,697",53.4
,2022-23 Period 05,"92,013",48.1
,2022-23 Period 06,"105,723",53.8
,2022-23 Period 07,"89,751",54.1
,2022-23 Period 08,"91,811",45.5
,2022-23 Period 09,"94,009",46.1
,2022-23 Period 10,"57,845",50.3
,2022-23 Period 11,"97,416",54.9
,2022-23 Period 12,"107,322",57.4
,2022-23 Period 13,"95,459",57.6
,2023-24 Period 01,"109,518",57.9
,2023-24 Period 02,"101,874",56.9
,2023-24 Period 03,"98,349",49.3
,2023-24 Period 04,"108,121",56
,2023-24 Period 05,"111,042",55
,2023-24 Period 06,"103,512",52.6
,2023-24 Period 07,"105,708",52
,2023-24 Period 08,"108,081",44.4
,2023-24 Period 09,"108,435",40.8
,2023-24 Period 10,"102,102",46.2
,2023-24 Period 11,"110,966",51.6
,2023-24 Period 12,"117,424",53.6
,2023-24 Period 13,"118,216",58.4
,2024-25 Period 01,"111,054",58.2
,2024-25 Period 02,"112,796",57.5
,2024-25 Period 03,"117,706",55.7
,2024-25 Period 04,"117,585",52.9
,2024-25 Period 05,"116,710",52.2
,2024-25 Period 06,"117,077",54.5
,2024-25 Period 07,"115,609",52
,2024-25 Period 08,"115,349",49.6
,2024-25 Period 09,"113,533",45.8
,2024-25 Period 10,"102,423",53.6
,2024-25 Period 11,"118,338",55.2
,2024-25 Period 12,"119,098",58.6
,2024-25 Period 13,"123,065",60.6
Elizabeth line,2022-23 Period 01,"190,767",87.6
,2022-23 Period 02,"198,079",87.3
,2022-23 Period 03,"244,920",89.3
,2022-23 Period 04,"264,901",87.5
,2022-23 Period 05,"243,723",87.9
,2022-23 Period 06,"269,034",86.1
,2022-23 Period 07,"256,298",88.2
,2022-23 Period 08,"272,190",84.5
,2022-23 Period 09,"296,450",80.1
,2022-23 Period 10,"197,118",86.1
,2022-23 Period 11,"297,473",84.7
,2022-23 Period 12,"279,325",84.6
,2022-23 Period 13,"279,293",86.1
,2023-24 Period 01,"299,748",81.9
,2023-24 Period 02,"313,381",82.8
,2023-24 Period 03,"323,934",82.4
,2023-24 Period 04,"329,395",83.7
,2023-24 Period 05,"310,520",83.9
,2023-24 Period 06,"324,952",81.5
,2023-24 Period 07,"327,017",81.8
,2023-24 Period 08,"325,435",75.5
,2023-24 Period 09,"313,737",73.1
,2023-24 Period 10,"295,735",78.8
,2023-24 Period 11,"315,292",79.1
,2023-24 Period 12,"306,992",83.6
,2023-24 Period 13,"316,827",83.3
,2024-25 Period 01,"316,042",82
,2024-25 Period 02,"330,939",83.1
,2024-25 Period 03,"317,433",84.5
,2024-25 Period 04,"329,692",81.8
,2024-25 Period 05,"325,803",81.8
,2024-25 Period 06,"327,991",81.9
,2024-25 Period 07,"326,053",78.9
,2024-25 Period 08,"332,404",81.5
,2024-25 Period 09,"307,882",72.9
,2024-25 Period 10,"294,705",80
,2024-25 Period 11,"300,876",73.3
,2024-25 Period 12,"295,670",71.9
,2024-25 Period 13,"352,521",77
Govia Thameslink Railway,2022-23 Period 01,"907,054",74.6
,2022-23 Period 02,"903,815",75.3
,2022-23 Period 03,"826,667",76.2
,2022-23 Period 04,"856,691",70.2
,2022-23 Period 05,"793,706",67.3
,2022-23 Period 06,"941,148",65.7
,2022-23 Period 07,"887,169",67
,2022-23 Period 08,"870,746",60.2
,2022-23 Period 09,"950,273",62.5
,2022-23 Period 10,"499,471",63.6
,2022-23 Period 11,"875,563",64.2
,2022-23 Period 12,"954,915",68.9
,2022-23 Period 13,"870,290",72.3
,2023-24 Period 01,"977,215",75.5
,2023-24 Period 02,"833,349",74.5
,2023-24 Period 03,"853,888",68.4
,2023-24 Period 04,"839,545",70.3
,2023-24 Period 05,"842,130",73
,2023-24 Period 06,"901,437",69.8
,2023-24 Period 07,"858,149",68.3
,2023-24 Period 08,"984,325",64.6
,2023-24 Period 09,"847,577",62
,2023-24 Period 10,"867,439",65.1
,2023-24 Period 11,"899,304",65.4
,2023-24 Period 12,"951,173",67.6
,2023-24 Period 13,"1,012,648",70
,2024-25 Period 01,"882,976",72.5
,2024-25 Period 02,"911,467",70.7
,2024-25 Period 03,"988,512",69.3
,2024-25 Period 04,"1,015,029",67.7
,2024-25 Period 05,"1,012,060",69.9
,2024-25 Period 06,"997,966",69.1
,2024-25 Period 07,"981,945",66.2
,2024-25 Period 08,"978,194",66.3
,2024-25 Period 09,"982,667",60.2
,2024-25 Period 10,"854,752",68.3
,2024-25 Period 11,"996,359",67.1
,2024-25 Period 12,"1,004,772",67.5
,2024-25 Period 13,"1,069,329",71.4
Grand Central,2022-23 Period 01,"3,974",54.7
,2022-23 Period 02,"3,369",52.6
,2022-23 Period 03,"3,497",47.6
,2022-23 Period 04,"3,794",49.3
,2022-23 Period 05,"3,427",42.6
,2022-23 Period 06,"3,868",51.4
,2022-23 Period 07,"3,681",50.5
,2022-23 Period 08,"3,499",42
,2022-23 Period 09,"3,751",33.4
,2022-23 Period 10,"2,006",37.6
,2022-23 Period 11,"3,363",43.1
,2022-23 Period 12,"3,298",48.9
,2022-23 Period 13,"3,375",53.1
,2023-24 Period 01,"4,015",53.4
,2023-24 Period 02,"3,434",50.2
,2023-24 Period 03,"3,393",45.4
,2023-24 Period 04,"3,085",44.4
,2023-24 Period 05,"3,403",42.3
,2023-24 Period 06,"3,463",43.2
,2023-24 Period 07,"3,764",42.3
,2023-24 Period 08,"3,759",38.3
,2023-24 Period 09,"3,794",36.6
,2023-24 Period 10,"3,127",34.1
,2023-24 Period 11,"3,532",43.6
,2023-24 Period 12,"3,206",46.8
,2023-24 Period 13,"4,149",49.6
,2024-25 Period 01,"3,995",51.8
,2024-25 Period 02,"4,074",46.4
,2024-25 Period 03,"4,143",49.2
,2024-25 Period 04,"4,212",41.7
,2024-25 Period 05,"4,175",44.2
,2024-25 Period 06,"3,966",46.8
,2024-25 Period 07,"3,982",45.1
,2024-25 Period 08,"3,947",42.9
,2024-25 Period 09,"3,895",37.9
,2024-25 Period 10,"3,478",45.9
,2024-25 Period 11,"3,738",42.1
,2024-25 Period 12,"3,787",46.5
,2024-25 Period 13,"4,182",51.6
Great Western Railway,2022-23 Period 01,"345,120",71.5
,2022-23 Period 02,"332,090",70.3
,2022-23 Period 03,"296,928",65.6
,2022-23 Period 04,"326,884",61.1
,2022-23 Period 05,"267,808",57.7
,2022-23 Period 06,"333,324",62.5
,2022-23 Period 07,"274,117",65.2
,2022-23 Period 08,"310,199",57.4
,2022-23 Period 09,"304,224",56.4
,2022-23 Period 10,"185,603",62.5
,2022-23 Period 11,"298,440",62.4
,2022-23 Period 12,"312,594",66.4
,2022-23 Period 13,"282,782",65.9
,2023-24 Period 01,"322,629",64.9
,2023-24 Period 02,"297,521",63.8
,2023-24 Period 03,"285,525",59.5
,2023-24 Period 04,"307,496",61.1
,2023-24 Period 05,"311,342",59.7
,2023-24 Period 06,"298,192",58.8
,2023-24 Period 07,"301,924",60.9
,2023-24 Period 08,"312,377",55.5
,2023-24 Period 09,"303,862",53.5
,2023-24 Period 10,"286,471",58.6
,2023-24 Period 11,"319,303",61.9
,2023-24 Period 12,"301,303",62.6
,2023-24 Period 13,"325,095",60.7
,2024-25 Period 01,"309,145",66.2
,2024-25 Period 02,"316,407",63.7
,2024-25 Period 03,"330,307",63.7
,2024-25 Period 04,"320,338",61.1
,2024-25 Period 05,"328,690",60.3
,2024-25 Period 06,"322,886",60.9
,2024-25 Period 07,"321,357",57.4
,2024-25 Period 08,"322,439",55.6
,2024-25 Period 09,"305,254",52.4
,2024-25 Period 10,"276,004",61.1
,2024-25 Period 11,"323,336",64.5
,2024-25 Period 12,"325,279",65.9
,2024-25 Period 13,"342,801",66
Greater Anglia,2022-23 Period 01,"262,376",89.3
,2022-23 Period 02,"247,464",87.6
,2022-23 Period 03,"224,993",85.6
,2022-23 Period 04,"234,464",84.5
,2022-23 Period 05,"208,599",81
,2022-23 Period 06,"249,898",78.2
,2022-23 Period 07,"227,476",76.2
,2022-23 Period 08,"242,200",74.4
,2022-23 Period 09,"246,324",73.5
,2022-23 Period 10,"140,772",76.2
,2022-23 Period 11,"226,359",80.1
,2022-23 Period 12,"248,796",85.8
,2022-23 Period 13,"230,789",87.1
,2023-24 Period 01,"260,726",88.5
,2023-24 Period 02,"237,633",89
,2023-24 Period 03,"234,340",85.6
,2023-24 Period 04,"244,300",87.5
,2023-24 Period 05,"248,051",87.7
,2023-24 Period 06,"236,180",86.7
,2023-24 Period 07,"235,579",86.6
,2023-24 Period 08,"251,315",83.5
,2023-24 Period 09,"242,252",82.2
,2023-24 Period 10,"234,342",86.1
,2023-24 Period 11,"240,261",86.2
,2023-24 Period 12,"248,514",85.3
,2023-24 Period 13,"262,965",86
,2024-25 Period 01,"237,328",86.5
,2024-25 Period 02,"248,732",88.4
,2024-25 Period 03,"262,842",87.1
,2024-25 Period 04,"264,323",85.3
,2024-25 Period 05,"258,173",86.1
,2024-25 Period 06,"263,060",86.6
,2024-25 Period 07,"260,663",83.1
,2024-25 Period 08,"267,518",84
,2024-25 Period 09,"263,008",79.2
,2024-25 Period 10,"231,779",85.9
,2024-25 Period 11,"255,473",83.7
,2024-25 Period 12,"259,975",84.6
,2024-25 Period 13,"275,517",82.9
Heathrow Express,2022-23 Period 01,"12,274",81.8
,2022-23 Period 02,"12,239",81.5
,2022-23 Period 03,"11,321",81.9
,2022-23 Period 04,"12,038",74
,2022-23 Period 05,"10,573",78.7
,2022-23 Period 06,"12,186",75.5
,2022-23 Period 07,"10,074",78.8
,2022-23 Period 08,"11,840",77.7
,2022-23 Period 09,"10,397",76.5
,2022-23 Period 10,"9,374",84.1
,2022-23 Period 11,"11,403",77.4
,2022-23 Period 12,"12,398",80
,2022-23 Period 13,"11,021",80.9
,2023-24 Period 01,"12,785",82.1
,2023-24 Period 02,"11,878",82.8
,2023-24 Period 03,"11,440",76.2
,2023-24 Period 04,"12,232",75.2
,2023-24 Period 05,"11,873",76.3
,2023-24 Period 06,"11,479",75
,2023-24 Period 07,"11,657",76.3
,2023-24 Period 08,"11,893",70.6
,2023-24 Period 09,"9,944",58.3
,2023-24 Period 10,"11,257",64.4
,2023-24 Period 11,"11,599",70.7
,2023-24 Period 12,"11,767",75.8
,2023-24 Period 13,"11,564",71.4
,2024-25 Period 01,"11,015",72.9
,2024-25 Period 02,"11,515",76.4
,2024-25 Period 03,"12,003",78.3
,2024-25 Period 04,"11,569",75.2
,2024-25 Period 05,"12,009",76.5
,2024-25 Period 06,"12,004",77
,2024-25 Period 07,"11,478",72.5
,2024-25 Period 08,"11,651",73.6
,2024-25 Period 09,"10,271",66.2
,2024-25 Period 10,"11,373",79.1
,2024-25 Period 11,"12,000",72.4
,2024-25 Period 12,"11,814",69.4
,2024-25 Period 13,"12,691",72.9
Hull Trains,2022-23 Period 01,"3,103",68.1
,2022-23 Period 02,"3,042",63.4
,2022-23 Period 03,"2,809",62.7
,2022-23 Period 04,"2,485",51
,2022-23 Period 05,"2,442",51.9
,2022-23 Period 06,"3,065",55.4
,2022-23 Period 07,"2,851",53.4
,2022-23 Period 08,"2,974",39.1
,2022-23 Period 09,"2,888",34.8
,2022-23 Period 10,"2,082",42.4
,2022-23 Period 11,"3,050",49.4
,2022-23 Period 12,"2,998",57.7
,2022-23 Period 13,"3,075",55.9
,2023-24 Period 01,"3,236",53.3
,2023-24 Period 02,"2,950",55.2
,2023-24 Period 03,"3,066",51.3
,2023-24 Period 04,"3,014",57
,2023-24 Period 05,"3,169",57.8
,2023-24 Period 06,"3,076",55.6
,2023-24 Period 07,"3,161",50.8
,2023-24 Period 08,"3,099",43.9
,2023-24 Period 09,"3,015",38
,2023-24 Period 10,"2,626",42.5
,2023-24 Period 11,"2,911",48.2
,2023-24 Period 12,"2,637",46.4
,2023-24 Period 13,"3,249",52.4
,2024-25 Period 01,"3,007",56.5
,2024-25 Period 02,"2,997",56.2
,2024-25 Period 03,"3,139",56.7
,2024-25 Period 04,"3,147",54.2
,2024-25 Period 05,"3,103",51.4
,2024-25 Period 06,"3,061",54.4
,2024-25 Period 07,"2,933",49.7
,2024-25 Period 08,"2,929",46.4
,2024-25 Period 09,"2,745",37.6
,2024-25 Period 10,"2,785",45.6
,2024-25 Period 11,"2,803",43.1
,2024-25 Period 12,"3,023",51
,2024-25 Period 13,"3,228",58
London North Eastern Railway,2022-23 Period 01,"35,828",68.2
,2022-23 Period 02,"33,873",69.7
,2022-23 Period 03,"30,808",66.4
,2022-23 Period 04,"31,429",62.4
,2022-23 Period 05,"26,802",59.4
,2022-23 Period 06,"32,365",61.2
,2022-23 Period 07,"27,984",61
,2022-23 Period 08,"30,358",50.1
,2022-23 Period 09,"29,699",42.1
,2022-23 Period 10,"18,590",43.9
,2022-23 Period 11,"28,762",55.7
,2022-23 Period 12,"31,160",61.8
,2022-23 Period 13,"29,896",58.7
,2023-24 Period 01,"34,256",62.3
,2023-24 Period 02,"30,126",62.3
,2023-24 Period 03,"30,130",56.7
,2023-24 Period 04,"32,049",61.1
,2023-24 Period 05,"32,540",60.6
,2023-24 Period 06,"30,610",60.3
,2023-24 Period 07,"29,912",55.6
,2023-24 Period 08,"29,407",43.8
,2023-24 Period 09,"30,800",49
,2023-24 Period 10,"26,410",48.6
,2023-24 Period 11,"29,533",56.5
,2023-24 Period 12,"28,344",55.8
,2023-24 Period 13,"32,765",60.7
,2024-25 Period 01,"30,587",59.6
,2024-25 Period 02,"32,025",59.8
,2024-25 Period 03,"32,950",59.7
,2024-25 Period 04,"32,642",57
,2024-25 Period 05,"32,203",56.8
,2024-25 Period 06,"31,075",57
,2024-25 Period 07,"30,824",55.4
,2024-25 Period 08,"32,547",57
,2024-25 Period 09,"31,998",45.8
,2024-25 Period 10,"31,266",54.8
,2024-25 Period 11,"32,623",53.7
,2024-25 Period 12,"32,679",55.8
,2024-25 Period 13,"35,965",61.3
London Overground,2022-23 Period 01,"672,549",80.6
,2022-23 Period 02,"636,898",79.4
,2022-23 Period 03,"561,106",77.6
,2022-23 Period 04,"606,800",75.4
,2022-23 Period 05,"511,901",73.8
,2022-23 Period 06,"626,721",75.8
,2022-23 Period 07,"576,949",74.6
,2022-23 Period 08,"610,059",71.2
,2022-23 Period 09,"621,358",69.6
,2022-23 Period 10,"333,107",69.4
,2022-23 Period 11,"624,966",72.4
,2022-23 Period 12,"601,287",74.5
,2022-23 Period 13,"599,002",74.4
,2023-24 Period 01,"655,452",77.7
,2023-24 Period 02,"648,484",75.2
,2023-24 Period 03,"648,299",74.2
,2023-24 Period 04,"629,745",74.4
,2023-24 Period 05,"580,946",76.8
,2023-24 Period 06,"632,428",75
,2023-24 Period 07,"635,096",71.1
,2023-24 Period 08,"633,974",70.4
,2023-24 Period 09,"622,903",66.7
,2023-24 Period 10,"543,635",72.6
,2023-24 Period 11,"600,381",72.5
,2023-24 Period 12,"608,331",72.3
,2023-24 Period 13,"623,644",74.9
,2024-25 Period 01,"613,579",73.9
,2024-25 Period 02,"649,625",74.6
,2024-25 Period 03,"614,854",74.7
,2024-25 Period 04,"621,792",72.3
,2024-25 Period 05,"605,402",71.7
,2024-25 Period 06,"625,394",74.5
,2024-25 Period 07,"650,192",71.5
,2024-25 Period 08,"630,184",70.3
,2024-25 Period 09,"629,632",66
,2024-25 Period 10,"587,437",72.3
,2024-25 Period 11,"611,253",69.3
,2024-25 Period 12,"620,938",73.2
,2024-25 Period 13,"684,841",72.2
Lumo,2022-23 Period 01,"1,198",65.3
,2022-23 Period 02,"1,141",59.2
,2022-23 Period 03,"1,143",57.9
,2022-23 Period 04,"1,155",59.1
,2022-23 Period 05,"1,132",53
,2022-23 Period 06,"1,188",54.9
,2022-23 Period 07,764,60.2
,2022-23 Period 08,"1,147",51.6
,2022-23 Period 09,"1,104",45.7
,2022-23 Period 10,902,49.7
,2022-23 Period 11,"1,122",53.5
,2022-23 Period 12,"1,073",57
,2022-23 Period 13,"1,187",55.3
,2023-24 Period 01,"1,286",58.9
,2023-24 Period 02,"1,202",62.6
,2023-24 Period 03,"1,204",55.9
,2023-24 Period 04,"1,219",60
,2023-24 Period 05,"1,251",62
,2023-24 Period 06,"1,170",58.5
,2023-24 Period 07,"1,090",55.3
,2023-24 Period 08,"1,147",34.4
,2023-24 Period 09,"1,150",48.5
,2023-24 Period 10,"1,070",45.1
,2023-24 Period 11,"1,165",57.5
,2023-24 Period 12,"1,121",63
,2023-24 Period 13,"1,250",63.2
,2024-25 Period 01,"1,200",59.2
,2024-25 Period 02,"1,240",59
,2024-25 Period 03,"1,249",59.4
,2024-25 Period 04,"1,240",59
,2024-25 Period 05,"1,235",62.4
,2024-25 Period 06,"1,186",59.3
,2024-25 Period 07,"1,037",57.8
,2024-25 Period 08,"1,149",57.6
,2024-25 Period 09,"1,192",49.9
,2024-25 Period 10,"1,158",51.6
,2024-25 Period 11,"1,124",55.8
,2024-25 Period 12,977,64.8
,2024-25 Period 13,"1,107",59.3
Merseyrail,2022-23 Period 01,"262,436",76.9
,2022-23 Period 02,"278,974",69
,2022-23 Period 03,"212,747",69.3
,2022-23 Period 04,"270,716",71.7
,2022-23 Period 05,"250,193",67.2
,2022-23 Period 06,"278,399",76.8
,2022-23 Period 07,"257,271",76.9
,2022-23 Period 08,"268,318",75.1
,2022-23 Period 09,"269,279",73.5
,2022-23 Period 10,"178,203",76.5
,2022-23 Period 11,"256,226",73.3
,2022-23 Period 12,"263,208",76.9
,2022-23 Period 13,"256,366",76.1
,2023-24 Period 01,"282,144",75.3
,2023-24 Period 02,"268,046",73.3
,2023-24 Period 03,"277,103",73.7
,2023-24 Period 04,"265,497",73.9
,2023-24 Period 05,"260,333",71.5
,2023-24 Period 06,"262,329",70.7
,2023-24 Period 07,"255,339",68.7
,2023-24 Period 08,"260,360",70.8
,2023-24 Period 09,"258,133",66.6
,2023-24 Period 10,"232,764",68.8
,2023-24 Period 11,"258,892",68.1
,2023-24 Period 12,"259,996",65.5
,2023-24 Period 13,"268,304",71.2
,2024-25 Period 01,"257,217",72.9
,2024-25 Period 02,"262,353",70.7
,2024-25 Period 03,"273,956",71.3
,2024-25 Period 04,"273,943",68.9
,2024-25 Period 05,"272,798",65.8
,2024-25 Period 06,"273,122",74
,2024-25 Period 07,"262,572",75.6
,2024-25 Period 08,"263,717",69.6
,2024-25 Period 09,"268,771",69.1
,2024-25 Period 10,"252,287",73.1
,2024-25 Period 11,"265,958",69.8
,2024-25 Period 12,"278,675",69.2
,2024-25 Period 13,"296,590",69.5
Northern Trains,2022-23 Period 01,"674,640",65.9
,2022-23 Period 02,"623,810",66.3
,2022-23 Period 03,"536,262",64.7
,2022-23 Period 04,"601,918",61.7
,2022-23 Period 05,"538,051",61.6
,2022-23 Period 06,"607,257",63.7
,2022-23 Period 07,"529,291",59.3
,2022-23 Period 08,"552,502",48
,2022-23 Period 09,"588,559",47.9
,2022-23 Period 10,"286,339",54.4
,2022-23 Period 11,"656,832",58.7
,2022-23 Period 12,"698,317",60.9
,2022-23 Period 13,"629,808",63.4
,2023-24 Period 01,"743,162",65.6
,2023-24 Period 02,"658,213",63.3
,2023-24 Period 03,"612,558",59.8
,2023-24 Period 04,"643,403",62.1
,2023-24 Period 05,"656,844",61.1
,2023-24 Period 06,"615,967",60.7
,2023-24 Period 07,"642,238",56.2
,2023-24 Period 08,"668,143",50
,2023-24 Period 09,"646,958",42.8
,2023-24 Period 10,"608,992",56.3
,2023-24 Period 11,"677,301",59.9
,2023-24 Period 12,"672,976",61.2
,2023-24 Period 13,"712,985",63.5
,2024-25 Period 01,"659,968",62.6
,2024-25 Period 02,"658,697",61.7
,2024-25 Period 03,"677,686",61.7
,2024-25 Period 04,"664,751",60.9
,2024-25 Period 05,"700,587",60.3
,2024-25 Period 06,"669,361",58.1
,2024-25 Period 07,"675,476",54.2
,2024-25 Period 08,"668,802",48.5
,2024-25 Period 09,"676,616",47.7
,2024-25 Period 10,"551,726",55.7
,2024-25 Period 11,"707,857",57.4
,2024-25 Period 12,"730,828",61.2
,2024-25 Period 13,"764,478",65.5
ScotRail,2022-23 Period 01,"587,722",76
,2022-23 Period 02,"523,799",73.3
,2022-23 Period 03,"390,446",72.6
,2022-23 Period 04,"471,567",70.6
,2022-23 Period 05,"546,179",71
,2022-23 Period 06,"624,402",71.3
,2022-23 Period 07,"559,190",67.7
,2022-23 Period 08,"542,620",58.6
,2022-23 Period 09,"615,975",63
,2022-23 Period 10,"329,390",62.8
,2022-23 Period 11,"623,053",68.1
,2022-23 Period 12,"626,084",71
,2022-23 Period 13,"602,816",72.8
,2023-24 Period 01,"647,635",74.4
,2023-24 Period 02,"622,330",75.1
,2023-24 Period 03,"622,093",71.6
,2023-24 Period 04,"617,917",74.1
,2023-24 Period 05,"623,591",72.2
,2023-24 Period 06,"623,844",72.7
,2023-24 Period 07,"591,387",67
,2023-24 Period 08,"596,607",60.2
,2023-24 Period 09,"620,307",62
,2023-24 Period 10,"543,771",65.3
,2023-24 Period 11,"560,546",67.9
,2023-24 Period 12,"635,182",70.4
,2023-24 Period 13,"652,185",72.8
,2024-25 Period 01,"611,313",72.5
,2024-25 Period 02,"637,759",71.9
,2024-25 Period 03,"648,352",72.5
,2024-25 Period 04,"563,990",71.8
,2024-25 Period 05,"491,593",68.5
,2024-25 Period 06,"500,947",71.2
,2024-25 Period 07,"536,440",69.1
,2024-25 Period 08,"647,444",58.6
,2024-25 Period 09,"652,599",61.6
,2024-25 Period 10,"575,852",65.8
,2024-25 Period 11,"591,244",69.4
,2024-25 Period 12,"666,840",71.6
,2024-25 Period 13,"697,682",74.7
South Western Railway,2022-23 Period 01,"551,625",76.2
,2022-23 Period 02,"541,300",75.5
,2022-23 Period 03,"487,152",69.3
,2022-23 Period 04,"539,788",68.1
,2022-23 Period 05,"485,838",69.8
,2022-23 Period 06,"548,692",70.2
,2022-23 Period 07,"511,533",70.9
,2022-23 Period 08,"494,693",59
,2022-23 Period 09,"519,194",53.7
,2022-23 Period 10,"185,665",66.2
,2022-23 Period 11,"510,518",59.5
,2022-23 Period 12,"530,939",69.5
,2022-23 Period 13,"488,405",71
,2023-24 Period 01,"561,625",74.5
,2023-24 Period 02,"539,096",74.3
,2023-24 Period 03,"527,112",70.4
,2023-24 Period 04,"463,061",69.7
,2023-24 Period 05,"480,209",73.4
,2023-24 Period 06,"486,752",69.9
,2023-24 Period 07,"510,833",64.6
,2023-24 Period 08,"543,410",58.5
,2023-24 Period 09,"502,605",49.6
,2023-24 Period 10,"482,197",62.9
,2023-24 Period 11,"512,299",68
,2023-24 Period 12,"523,306",68.2
,2023-24 Period 13,"553,177",71.1
,2024-25 Period 01,"490,744",72.4
,2024-25 Period 02,"520,167",71.1
,2024-25 Period 03,"568,267",69.4
,2024-25 Period 04,"564,761",67.9
,2024-25 Period 05,"552,850",70.8
,2024-25 Period 06,"541,948",70.1
,2024-25 Period 07,"533,586",64.2
,2024-25 Period 08,"550,120",60.5
,2024-25 Period 09,"536,772",45.7
,2024-25 Period 10,"485,820",59.7
,2024-25 Period 11,"537,953",62.6
,2024-25 Period 12,"546,101",67.8
,2024-25 Period 13,"586,114",70.9
Southeastern,2022-23 Period 01,"558,639",76.1
,2022-23 Period 02,"523,630",72.7
,2022-23 Period 03,"457,791",70.2
,2022-23 Period 04,"519,869",67.1
,2022-23 Period 05,"430,015",63
,2022-23 Period 06,"514,726",64.9
,2022-23 Period 07,"482,433",68.1
,2022-23 Period 08,"501,610",57.6
,2022-23 Period 09,"517,882",54
,2022-23 Period 10,"262,530",52.5
,2022-23 Period 11,"484,244",60.9
,2022-23 Period 12,"529,910",66.3
,2022-23 Period 13,"483,241",68.2
,2023-24 Period 01,"544,000",73.2
,2023-24 Period 02,"499,277",72.5
,2023-24 Period 03,"482,192",67.8
,2023-24 Period 04,"507,689",70.3
,2023-24 Period 05,"526,604",71.9
,2023-24 Period 06,"488,538",69.1
,2023-24 Period 07,"508,491",65.4
,2023-24 Period 08,"546,248",64.1
,2023-24 Period 09,"524,359",59.6
,2023-24 Period 10,"483,462",61.6
,2023-24 Period 11,"529,246",64.2
,2023-24 Period 12,"542,388",68.5
,2023-24 Period 13,"552,372",70.8
,2024-25 Period 01,"522,440",71.6
,2024-25 Period 02,"531,261",71.4
,2024-25 Period 03,"554,546",72.2
,2024-25 Period 04,"552,229",68.8
,2024-25 Period 05,"557,466",69.7
,2024-25 Period 06,"555,182",69.5
,2024-25 Period 07,"552,837",64.3
,2024-25 Period 08,"549,456",60.4
,2024-25 Period 09,"548,074",52
,2024-25 Period 10,"480,206",61.8
,2024-25 Period 11,"559,420",61.9
,2024-25 Period 12,"569,137",65.9
,2024-25 Period 13,"604,728",68.3
TfW Rail,2022-23 Period 01,"253,141",61.3
,2022-23 Period 02,"242,538",62.3
,2022-23 Period 03,"221,938",60.6
,2022-23 Period 04,"242,151",58.4
,2022-23 Period 05,"217,880",58.3
,2022-23 Period 06,"249,938",62.2
,2022-23 Period 07,"219,362",61.5
,2022-23 Period 08,"224,728",55.2
,2022-23 Period 09,"233,275",52.5
,2022-23 Period 10,"148,205",63
,2022-23 Period 11,"222,049",58.7
,2022-23 Period 12,"226,506",60.2
,2022-23 Period 13,"187,610",64
,2023-24 Period 01,"207,656",60
,2023-24 Period 02,"193,984",57.4
,2023-24 Period 03,"200,658",53.1
,2023-24 Period 04,"223,262",59
,2023-24 Period 05,"230,291",59.7
,2023-24 Period 06,"233,977",61.2
,2023-24 Period 07,"234,185",61.4
,2023-24 Period 08,"234,563",56.9
,2023-24 Period 09,"241,508",49.5
,2023-24 Period 10,"232,720",60.7
,2023-24 Period 11,"269,861",65.3
,2023-24 Period 12,"272,986",65.9
,2023-24 Period 13,"291,702",68.3
,2024-25 Period 01,"288,809",67.7
,2024-25 Period 02,"297,771",67
,2024-25 Period 03,"316,290",61.5
,2024-25 Period 04,"327,940",63.1
,2024-25 Period 05,"331,552",60.1
,2024-25 Period 06,"325,027",60.6
,2024-25 Period 07,"299,821",60.4
,2024-25 Period 08,"302,508",57
,2024-25 Period 09,"308,833",53
,2024-25 Period 10,"286,574",60.6
,2024-25 Period 11,"322,187",63.6
,2024-25 Period 12,"327,267",66.1
,2024-25 Period 13,"342,148",67.9
TransPennine Express,2022-23 Period 01,"55,708",59.4
,2022-23 Period 02,"56,063",58.8
,2022-23 Period 03,"45,917",57.5
,2022-23 Period 04,"54,798",54
,2022-23 Period 05,"47,606",56.8
,2022-23 Period 06,"59,709",57.4
,2022-23 Period 07,"50,013",53.2
,2022-23 Period 08,"48,522",45.8
,2022-23 Period 09,"55,625",44.7
,2022-23 Period 10,"25,212",43.8
,2022-23 Period 11,"53,275",43.7
,2022-23 Period 12,"55,257",49.4
,2022-23 Period 13,"49,207",49.8
,2023-24 Period 01,"65,578",51.3
,2023-24 Period 02,"60,735",50.6
,2023-24 Period 03,"52,069",49.9
,2023-24 Period 04,"68,964",49.9
,2023-24 Period 05,"64,691",48.5
,2023-24 Period 06,"67,986",49.2
,2023-24 Period 07,"67,834",44.2
,2023-24 Period 08,"74,245",40.6
,2023-24 Period 09,"72,051",33.3
,2023-24 Period 10,"72,087",45.2
,2023-24 Period 11,"76,495",49
,2023-24 Period 12,"75,356",53.8
,2023-24 Period 13,"81,501",54.7
,2024-25 Period 01,"70,715",52.3
,2024-25 Period 02,"68,433",53.8
,2024-25 Period 03,"82,505",52.9
,2024-25 Period 04,"77,096",53.7
,2024-25 Period 05,"82,819",50.8
,2024-25 Period 06,"83,990",48.1
,2024-25 Period 07,"85,039",45.4
,2024-25 Period 08,"79,207",44.7
,2024-25 Period 09,"80,597",40.9
,2024-25 Period 10,"75,762",43.4
,2024-25 Period 11,"80,929",44.1
,2024-25 Period 12,"87,419",45.3
,2024-25 Period 13,"86,059",53.3
West Midlands Trains,2022-23 Period 01,"338,791",65.6
,2022-23 Period 02,"333,035",63.8
,2022-23 Period 03,"285,059",61.7
,2022-23 Period 04,"318,814",58.5
,2022-23 Period 05,"275,184",52.3
,2022-23 Period 06,"342,237",58.4
,2022-23 Period 07,"308,861",58.2
,2022-23 Period 08,"297,349",49
,2022-23 Period 09,"323,394",50.1
,2022-23 Period 10,"148,199",54.2
,2022-23 Period 11,"312,384",58.5
,2022-23 Period 12,"343,486",63.5
,2022-23 Period 13,"303,461",62.8
,2023-24 Period 01,"339,278",64.4
,2023-24 Period 02,"318,365",66.8
,2023-24 Period 03,"304,334",60
,2023-24 Period 04,"315,440",61.7
,2023-24 Period 05,"314,851",64.3
,2023-24 Period 06,"309,214",62.6
,2023-24 Period 07,"308,257",60.7
,2023-24 Period 08,"333,637",57.3
,2023-24 Period 09,"313,199",52.5
,2023-24 Period 10,"292,353",60.7
,2023-24 Period 11,"324,501",63.7
,2023-24 Period 12,"337,528",65.9
,2023-24 Period 13,"345,642",67.7
,2024-25 Period 01,"315,802",68.2
,2024-25 Period 02,"321,525",65.2
,2024-25 Period 03,"335,488",65.2
,2024-25 Period 04,"341,611",63.7
,2024-25 Period 05,"342,020",64.5
,2024-25 Period 06,"347,054",65.3
,2024-25 Period 07,"341,108",60.1
,2024-25 Period 08,"342,706",57.8
,2024-25 Period 09,"334,650",53.6
,2024-25 Period 10,"301,583",62.8
,2024-25 Period 11,"352,979",68.1
,2024-25 Period 12,"361,197",69.6
,2024-25 Period 13,"380,219",71.5
